solid OpenSCAD_Model
  facet normal -0.471353 -0.881945 0
    outer loop
      vertex 10.861 12.0787 0
      vertex 11.25 11.8708 4
      vertex 10.861 12.0787 4
    endloop
  endfacet
  facet normal -0.471353 -0.881945 -0
    outer loop
      vertex 11.25 11.8708 4
      vertex 10.861 12.0787 0
      vertex 11.25 11.8708 0
    endloop
  endfacet
  facet normal 0.995186 -0.0979998 0
    outer loop
      vertex 7.75 10 4
      vertex 7.79323 10.439 0
      vertex 7.79323 10.439 4
    endloop
  endfacet
  facet normal 0.995186 -0.0979998 0
    outer loop
      vertex 7.79323 10.439 0
      vertex 7.75 10 4
      vertex 7.75 10 0
    endloop
  endfacet
  facet normal -0.995192 0.0979435 0
    outer loop
      vertex 12.2068 9.56105 0
      vertex 12.25 10 4
      vertex 12.25 10 0
    endloop
  endfacet
  facet normal -0.995192 0.0979435 0
    outer loop
      vertex 12.25 10 4
      vertex 12.2068 9.56105 0
      vertex 12.2068 9.56105 4
    endloop
  endfacet
  facet normal 0.0980108 0.995185 -0
    outer loop
      vertex 10 7.75 0
      vertex 9.56105 7.79323 4
      vertex 10 7.75 4
    endloop
  endfacet
  facet normal 0.0980108 0.995185 0
    outer loop
      vertex 9.56105 7.79323 4
      vertex 10 7.75 0
      vertex 9.56105 7.79323 0
    endloop
  endfacet
  facet normal 0.471362 -0.88194 0
    outer loop
      vertex 8.74997 11.8708 0
      vertex 9.13896 12.0787 4
      vertex 8.74997 11.8708 4
    endloop
  endfacet
  facet normal 0.471362 -0.88194 0
    outer loop
      vertex 9.13896 12.0787 4
      vertex 8.74997 11.8708 0
      vertex 9.13896 12.0787 0
    endloop
  endfacet
  facet normal 0.956923 -0.290342 0
    outer loop
      vertex 7.79323 10.439 4
      vertex 7.92127 10.861 0
      vertex 7.92127 10.861 4
    endloop
  endfacet
  facet normal 0.956923 -0.290342 0
    outer loop
      vertex 7.92127 10.861 0
      vertex 7.79323 10.439 4
      vertex 7.79323 10.439 0
    endloop
  endfacet
  facet normal -0.881945 -0.471353 0
    outer loop
      vertex 12.0787 10.861 0
      vertex 11.8708 11.25 4
      vertex 11.8708 11.25 0
    endloop
  endfacet
  facet normal -0.881945 -0.471353 0
    outer loop
      vertex 11.8708 11.25 4
      vertex 12.0787 10.861 0
      vertex 12.0787 10.861 4
    endloop
  endfacet
  facet normal -0.773068 -0.634324 0
    outer loop
      vertex 11.8708 11.25 0
      vertex 11.591 11.591 4
      vertex 11.591 11.591 0
    endloop
  endfacet
  facet normal -0.773068 -0.634324 0
    outer loop
      vertex 11.591 11.591 4
      vertex 11.8708 11.25 0
      vertex 11.8708 11.25 4
    endloop
  endfacet
  facet normal -0.634324 -0.773068 0
    outer loop
      vertex 11.25 11.8708 0
      vertex 11.591 11.591 4
      vertex 11.25 11.8708 4
    endloop
  endfacet
  facet normal -0.634324 -0.773068 -0
    outer loop
      vertex 11.591 11.591 4
      vertex 11.25 11.8708 0
      vertex 11.591 11.591 0
    endloop
  endfacet
  facet normal -0.290467 -0.956885 0
    outer loop
      vertex 10.439 12.2068 0
      vertex 10.861 12.0787 4
      vertex 10.439 12.2068 4
    endloop
  endfacet
  facet normal -0.290467 -0.956885 -0
    outer loop
      vertex 10.861 12.0787 4
      vertex 10.439 12.2068 0
      vertex 10.861 12.0787 0
    endloop
  endfacet
  facet normal 0.0979435 -0.995192 0
    outer loop
      vertex 9.56105 12.2068 0
      vertex 10 12.25 4
      vertex 9.56105 12.2068 4
    endloop
  endfacet
  facet normal 0.0979435 -0.995192 0
    outer loop
      vertex 10 12.25 4
      vertex 9.56105 12.2068 0
      vertex 10 12.25 0
    endloop
  endfacet
  facet normal 0.995185 0.0980108 0
    outer loop
      vertex 7.79323 9.56105 4
      vertex 7.75 10 0
      vertex 7.75 10 4
    endloop
  endfacet
  facet normal 0.995185 0.0980108 0
    outer loop
      vertex 7.75 10 0
      vertex 7.79323 9.56105 4
      vertex 7.79323 9.56105 0
    endloop
  endfacet
  facet normal 0.881926 -0.471388 0
    outer loop
      vertex 7.92127 10.861 4
      vertex 8.12919 11.25 0
      vertex 8.12919 11.25 4
    endloop
  endfacet
  facet normal 0.881926 -0.471388 0
    outer loop
      vertex 8.12919 11.25 0
      vertex 7.92127 10.861 4
      vertex 7.92127 10.861 0
    endloop
  endfacet
  facet normal 0.634368 -0.773031 0
    outer loop
      vertex 8.40901 11.591 0
      vertex 8.74997 11.8708 4
      vertex 8.40901 11.591 4
    endloop
  endfacet
  facet normal 0.634368 -0.773031 0
    outer loop
      vertex 8.74997 11.8708 4
      vertex 8.40901 11.591 0
      vertex 8.74997 11.8708 0
    endloop
  endfacet
  facet normal 0.29041 -0.956902 0
    outer loop
      vertex 9.13896 12.0787 0
      vertex 9.56105 12.2068 4
      vertex 9.13896 12.0787 4
    endloop
  endfacet
  facet normal 0.29041 -0.956902 0
    outer loop
      vertex 9.56105 12.2068 4
      vertex 9.13896 12.0787 0
      vertex 9.56105 12.2068 0
    endloop
  endfacet
  facet normal 0.773045 -0.634351 0
    outer loop
      vertex 8.12919 11.25 4
      vertex 8.40901 11.591 0
      vertex 8.40901 11.591 4
    endloop
  endfacet
  facet normal 0.773045 -0.634351 0
    outer loop
      vertex 8.40901 11.591 0
      vertex 8.12919 11.25 4
      vertex 8.12919 11.25 0
    endloop
  endfacet
  facet normal -0.995193 -0.0979324 0
    outer loop
      vertex 12.25 10 0
      vertex 12.2068 10.439 4
      vertex 12.2068 10.439 0
    endloop
  endfacet
  facet normal -0.995193 -0.0979324 0
    outer loop
      vertex 12.2068 10.439 4
      vertex 12.25 10 0
      vertex 12.25 10 4
    endloop
  endfacet
  facet normal -0.290342 0.956923 0
    outer loop
      vertex 10.861 7.92127 0
      vertex 10.439 7.79323 4
      vertex 10.861 7.92127 4
    endloop
  endfacet
  facet normal -0.290342 0.956923 0
    outer loop
      vertex 10.439 7.79323 4
      vertex 10.861 7.92127 0
      vertex 10.439 7.79323 0
    endloop
  endfacet
  facet normal -0.88194 0.471362 0
    outer loop
      vertex 11.8708 8.74997 0
      vertex 12.0787 9.13896 4
      vertex 12.0787 9.13896 0
    endloop
  endfacet
  facet normal -0.88194 0.471362 0
    outer loop
      vertex 12.0787 9.13896 4
      vertex 11.8708 8.74997 0
      vertex 11.8708 8.74997 4
    endloop
  endfacet
  facet normal -0.956902 0.29041 0
    outer loop
      vertex 12.0787 9.13896 0
      vertex 12.2068 9.56105 4
      vertex 12.2068 9.56105 0
    endloop
  endfacet
  facet normal -0.956902 0.29041 0
    outer loop
      vertex 12.2068 9.56105 4
      vertex 12.0787 9.13896 0
      vertex 12.0787 9.13896 4
    endloop
  endfacet
  facet normal -0.471388 0.881926 0
    outer loop
      vertex 11.25 8.12919 0
      vertex 10.861 7.92127 4
      vertex 11.25 8.12919 4
    endloop
  endfacet
  facet normal -0.471388 0.881926 0
    outer loop
      vertex 10.861 7.92127 4
      vertex 11.25 8.12919 0
      vertex 10.861 7.92127 0
    endloop
  endfacet
  facet normal -0.634351 0.773045 0
    outer loop
      vertex 11.591 8.40901 0
      vertex 11.25 8.12919 4
      vertex 11.591 8.40901 4
    endloop
  endfacet
  facet normal -0.634351 0.773045 0
    outer loop
      vertex 11.25 8.12919 4
      vertex 11.591 8.40901 0
      vertex 11.25 8.12919 0
    endloop
  endfacet
  facet normal -0.0979998 0.995186 0
    outer loop
      vertex 10.439 7.79323 0
      vertex 10 7.75 4
      vertex 10.439 7.79323 4
    endloop
  endfacet
  facet normal -0.0979998 0.995186 0
    outer loop
      vertex 10 7.75 4
      vertex 10.439 7.79323 0
      vertex 10 7.75 0
    endloop
  endfacet
  facet normal 0.471398 0.881921 -0
    outer loop
      vertex 9.13896 7.92127 0
      vertex 8.74997 8.12919 4
      vertex 9.13896 7.92127 4
    endloop
  endfacet
  facet normal 0.471398 0.881921 0
    outer loop
      vertex 8.74997 8.12919 4
      vertex 9.13896 7.92127 0
      vertex 8.74997 8.12919 0
    endloop
  endfacet
  facet normal 0.773009 0.634395 0
    outer loop
      vertex 8.40901 8.40901 4
      vertex 8.12919 8.74997 0
      vertex 8.12919 8.74997 4
    endloop
  endfacet
  facet normal 0.773009 0.634395 0
    outer loop
      vertex 8.12919 8.74997 0
      vertex 8.40901 8.40901 4
      vertex 8.40901 8.40901 0
    endloop
  endfacet
  facet normal 0.95694 0.290286 0
    outer loop
      vertex 7.92127 9.13896 4
      vertex 7.79323 9.56105 0
      vertex 7.79323 9.56105 4
    endloop
  endfacet
  facet normal 0.95694 0.290286 0
    outer loop
      vertex 7.79323 9.56105 0
      vertex 7.92127 9.13896 4
      vertex 7.92127 9.13896 0
    endloop
  endfacet
  facet normal 0.634395 0.773009 -0
    outer loop
      vertex 8.74997 8.12919 0
      vertex 8.40901 8.40901 4
      vertex 8.74997 8.12919 4
    endloop
  endfacet
  facet normal 0.634395 0.773009 0
    outer loop
      vertex 8.40901 8.40901 4
      vertex 8.74997 8.12919 0
      vertex 8.40901 8.40901 0
    endloop
  endfacet
  facet normal -0.956885 -0.290467 0
    outer loop
      vertex 12.2068 10.439 0
      vertex 12.0787 10.861 4
      vertex 12.0787 10.861 0
    endloop
  endfacet
  facet normal -0.956885 -0.290467 0
    outer loop
      vertex 12.0787 10.861 4
      vertex 12.2068 10.439 0
      vertex 12.2068 10.439 4
    endloop
  endfacet
  facet normal -0.0979324 -0.995193 0
    outer loop
      vertex 10 12.25 0
      vertex 10.439 12.2068 4
      vertex 10 12.25 4
    endloop
  endfacet
  facet normal -0.0979324 -0.995193 -0
    outer loop
      vertex 10.439 12.2068 4
      vertex 10 12.25 0
      vertex 10.439 12.2068 0
    endloop
  endfacet
  facet normal -0.773031 0.634368 0
    outer loop
      vertex 11.591 8.40901 0
      vertex 11.8708 8.74997 4
      vertex 11.8708 8.74997 0
    endloop
  endfacet
  facet normal -0.773031 0.634368 0
    outer loop
      vertex 11.8708 8.74997 4
      vertex 11.591 8.40901 0
      vertex 11.591 8.40901 4
    endloop
  endfacet
  facet normal 0.290286 0.95694 -0
    outer loop
      vertex 9.56105 7.79323 0
      vertex 9.13896 7.92127 4
      vertex 9.56105 7.79323 4
    endloop
  endfacet
  facet normal 0.290286 0.95694 0
    outer loop
      vertex 9.13896 7.92127 4
      vertex 9.56105 7.79323 0
      vertex 9.13896 7.92127 0
    endloop
  endfacet
  facet normal 0.881921 0.471398 0
    outer loop
      vertex 8.12919 8.74997 4
      vertex 7.92127 9.13896 0
      vertex 7.92127 9.13896 4
    endloop
  endfacet
  facet normal 0.881921 0.471398 0
    outer loop
      vertex 7.92127 9.13896 0
      vertex 8.12919 8.74997 4
      vertex 8.12919 8.74997 0
    endloop
  endfacet
  facet normal -0.995193 -0.0979324 0
    outer loop
      vertex 12.25 110 0
      vertex 12.2068 110.439 4
      vertex 12.2068 110.439 0
    endloop
  endfacet
  facet normal -0.995193 -0.0979324 0
    outer loop
      vertex 12.2068 110.439 4
      vertex 12.25 110 0
      vertex 12.25 110 4
    endloop
  endfacet
  facet normal 0.0974944 -0.995236 0
    outer loop
      vertex 9.56105 112.207 0
      vertex 10 112.25 4
      vertex 9.56105 112.207 4
    endloop
  endfacet
  facet normal 0.0974944 -0.995236 0
    outer loop
      vertex 10 112.25 4
      vertex 9.56105 112.207 0
      vertex 10 112.25 0
    endloop
  endfacet
  facet normal -0.634594 -0.772845 0
    outer loop
      vertex 11.25 111.871 0
      vertex 11.591 111.591 4
      vertex 11.25 111.871 4
    endloop
  endfacet
  facet normal -0.634594 -0.772845 -0
    outer loop
      vertex 11.591 111.591 4
      vertex 11.25 111.871 0
      vertex 11.591 111.591 0
    endloop
  endfacet
  facet normal 0.773045 -0.634351 0
    outer loop
      vertex 8.12919 111.25 4
      vertex 8.40901 111.591 0
      vertex 8.40901 111.591 4
    endloop
  endfacet
  facet normal 0.773045 -0.634351 0
    outer loop
      vertex 8.40901 111.591 0
      vertex 8.12919 111.25 4
      vertex 8.12919 111.25 0
    endloop
  endfacet
  facet normal 0.471539 -0.881845 0
    outer loop
      vertex 8.74997 111.871 0
      vertex 9.13896 112.079 4
      vertex 8.74997 111.871 4
    endloop
  endfacet
  facet normal 0.471539 -0.881845 0
    outer loop
      vertex 9.13896 112.079 4
      vertex 8.74997 111.871 0
      vertex 9.13896 112.079 0
    endloop
  endfacet
  facet normal -0.773068 0.634324 0
    outer loop
      vertex 11.591 108.409 0
      vertex 11.8708 108.75 4
      vertex 11.8708 108.75 0
    endloop
  endfacet
  facet normal -0.773068 0.634324 0
    outer loop
      vertex 11.8708 108.75 4
      vertex 11.591 108.409 0
      vertex 11.591 108.409 4
    endloop
  endfacet
  facet normal -0.881945 -0.471353 0
    outer loop
      vertex 12.0787 110.861 0
      vertex 11.8708 111.25 4
      vertex 11.8708 111.25 0
    endloop
  endfacet
  facet normal -0.881945 -0.471353 0
    outer loop
      vertex 11.8708 111.25 4
      vertex 12.0787 110.861 0
      vertex 12.0787 110.861 4
    endloop
  endfacet
  facet normal -0.956885 -0.290467 0
    outer loop
      vertex 12.2068 110.439 0
      vertex 12.0787 110.861 4
      vertex 12.0787 110.861 0
    endloop
  endfacet
  facet normal -0.956885 -0.290467 0
    outer loop
      vertex 12.0787 110.861 4
      vertex 12.2068 110.439 0
      vertex 12.2068 110.439 4
    endloop
  endfacet
  facet normal -0.773068 -0.634324 0
    outer loop
      vertex 11.8708 111.25 0
      vertex 11.591 111.591 4
      vertex 11.591 111.591 0
    endloop
  endfacet
  facet normal -0.773068 -0.634324 0
    outer loop
      vertex 11.591 111.591 4
      vertex 11.8708 111.25 0
      vertex 11.8708 111.25 4
    endloop
  endfacet
  facet normal -0.290259 -0.956948 0
    outer loop
      vertex 10.439 112.207 0
      vertex 10.861 112.079 4
      vertex 10.439 112.207 4
    endloop
  endfacet
  facet normal -0.290259 -0.956948 -0
    outer loop
      vertex 10.861 112.079 4
      vertex 10.439 112.207 0
      vertex 10.861 112.079 0
    endloop
  endfacet
  facet normal -0.0974834 -0.995237 0
    outer loop
      vertex 10 112.25 0
      vertex 10.439 112.207 4
      vertex 10 112.25 4
    endloop
  endfacet
  facet normal -0.0974834 -0.995237 -0
    outer loop
      vertex 10.439 112.207 4
      vertex 10 112.25 0
      vertex 10.439 112.207 0
    endloop
  endfacet
  facet normal -0.471529 -0.88185 0
    outer loop
      vertex 10.861 112.079 0
      vertex 11.25 111.871 4
      vertex 10.861 112.079 4
    endloop
  endfacet
  facet normal -0.471529 -0.88185 -0
    outer loop
      vertex 11.25 111.871 4
      vertex 10.861 112.079 0
      vertex 11.25 111.871 0
    endloop
  endfacet
  facet normal 0.956923 -0.290342 0
    outer loop
      vertex 7.79323 110.439 4
      vertex 7.92127 110.861 0
      vertex 7.92127 110.861 4
    endloop
  endfacet
  facet normal 0.956923 -0.290342 0
    outer loop
      vertex 7.92127 110.861 0
      vertex 7.79323 110.439 4
      vertex 7.79323 110.439 0
    endloop
  endfacet
  facet normal 0.881926 -0.471388 0
    outer loop
      vertex 7.92127 110.861 4
      vertex 8.12919 111.25 0
      vertex 8.12919 111.25 4
    endloop
  endfacet
  facet normal 0.881926 -0.471388 0
    outer loop
      vertex 8.12919 111.25 0
      vertex 7.92127 110.861 4
      vertex 7.92127 110.861 0
    endloop
  endfacet
  facet normal 0.995186 -0.0979998 0
    outer loop
      vertex 7.75 110 4
      vertex 7.79323 110.439 0
      vertex 7.79323 110.439 4
    endloop
  endfacet
  facet normal 0.995186 -0.0979998 0
    outer loop
      vertex 7.79323 110.439 0
      vertex 7.75 110 4
      vertex 7.75 110 0
    endloop
  endfacet
  facet normal 0.634639 -0.772809 0
    outer loop
      vertex 8.40901 111.591 0
      vertex 8.74997 111.871 4
      vertex 8.40901 111.591 4
    endloop
  endfacet
  facet normal 0.634639 -0.772809 0
    outer loop
      vertex 8.74997 111.871 4
      vertex 8.40901 111.591 0
      vertex 8.74997 111.871 0
    endloop
  endfacet
  facet normal 0.290202 -0.956965 0
    outer loop
      vertex 9.13896 112.079 0
      vertex 9.56105 112.207 4
      vertex 9.13896 112.079 4
    endloop
  endfacet
  facet normal 0.290202 -0.956965 0
    outer loop
      vertex 9.56105 112.207 4
      vertex 9.13896 112.079 0
      vertex 9.56105 112.207 0
    endloop
  endfacet
  facet normal -0.995193 0.0979324 0
    outer loop
      vertex 12.2068 109.561 0
      vertex 12.25 110 4
      vertex 12.25 110 0
    endloop
  endfacet
  facet normal -0.995193 0.0979324 0
    outer loop
      vertex 12.25 110 4
      vertex 12.2068 109.561 0
      vertex 12.2068 109.561 4
    endloop
  endfacet
  facet normal -0.290259 0.956948 0
    outer loop
      vertex 10.861 107.921 0
      vertex 10.439 107.793 4
      vertex 10.861 107.921 4
    endloop
  endfacet
  facet normal -0.290259 0.956948 0
    outer loop
      vertex 10.439 107.793 4
      vertex 10.861 107.921 0
      vertex 10.439 107.793 0
    endloop
  endfacet
  facet normal -0.634594 0.772845 0
    outer loop
      vertex 11.591 108.409 0
      vertex 11.25 108.129 4
      vertex 11.591 108.409 4
    endloop
  endfacet
  facet normal -0.634594 0.772845 0
    outer loop
      vertex 11.25 108.129 4
      vertex 11.591 108.409 0
      vertex 11.25 108.129 0
    endloop
  endfacet
  facet normal 0.471539 0.881845 -0
    outer loop
      vertex 9.13896 107.921 0
      vertex 8.74997 108.129 4
      vertex 9.13896 107.921 4
    endloop
  endfacet
  facet normal 0.471539 0.881845 0
    outer loop
      vertex 8.74997 108.129 4
      vertex 9.13896 107.921 0
      vertex 8.74997 108.129 0
    endloop
  endfacet
  facet normal 0.0974944 0.995236 -0
    outer loop
      vertex 10 107.75 0
      vertex 9.56105 107.793 4
      vertex 10 107.75 4
    endloop
  endfacet
  facet normal 0.0974944 0.995236 0
    outer loop
      vertex 9.56105 107.793 4
      vertex 10 107.75 0
      vertex 9.56105 107.793 0
    endloop
  endfacet
  facet normal 0.773045 0.634351 0
    outer loop
      vertex 8.40901 108.409 4
      vertex 8.12919 108.75 0
      vertex 8.12919 108.75 4
    endloop
  endfacet
  facet normal 0.773045 0.634351 0
    outer loop
      vertex 8.12919 108.75 0
      vertex 8.40901 108.409 4
      vertex 8.40901 108.409 0
    endloop
  endfacet
  facet normal 0.956923 0.290342 0
    outer loop
      vertex 7.92127 109.139 4
      vertex 7.79323 109.561 0
      vertex 7.79323 109.561 4
    endloop
  endfacet
  facet normal 0.956923 0.290342 0
    outer loop
      vertex 7.79323 109.561 0
      vertex 7.92127 109.139 4
      vertex 7.92127 109.139 0
    endloop
  endfacet
  facet normal 0.995186 0.0979998 0
    outer loop
      vertex 7.79323 109.561 4
      vertex 7.75 110 0
      vertex 7.75 110 4
    endloop
  endfacet
  facet normal 0.995186 0.0979998 0
    outer loop
      vertex 7.75 110 0
      vertex 7.79323 109.561 4
      vertex 7.79323 109.561 0
    endloop
  endfacet
  facet normal -0.471529 0.88185 0
    outer loop
      vertex 11.25 108.129 0
      vertex 10.861 107.921 4
      vertex 11.25 108.129 4
    endloop
  endfacet
  facet normal -0.471529 0.88185 0
    outer loop
      vertex 10.861 107.921 4
      vertex 11.25 108.129 0
      vertex 10.861 107.921 0
    endloop
  endfacet
  facet normal -0.956885 0.290467 0
    outer loop
      vertex 12.0787 109.139 0
      vertex 12.2068 109.561 4
      vertex 12.2068 109.561 0
    endloop
  endfacet
  facet normal -0.956885 0.290467 0
    outer loop
      vertex 12.2068 109.561 4
      vertex 12.0787 109.139 0
      vertex 12.0787 109.139 4
    endloop
  endfacet
  facet normal -0.881945 0.471353 0
    outer loop
      vertex 11.8708 108.75 0
      vertex 12.0787 109.139 4
      vertex 12.0787 109.139 0
    endloop
  endfacet
  facet normal -0.881945 0.471353 0
    outer loop
      vertex 12.0787 109.139 4
      vertex 11.8708 108.75 0
      vertex 11.8708 108.75 4
    endloop
  endfacet
  facet normal 0.290202 0.956965 -0
    outer loop
      vertex 9.56105 107.793 0
      vertex 9.13896 107.921 4
      vertex 9.56105 107.793 4
    endloop
  endfacet
  facet normal 0.290202 0.956965 0
    outer loop
      vertex 9.13896 107.921 4
      vertex 9.56105 107.793 0
      vertex 9.13896 107.921 0
    endloop
  endfacet
  facet normal -0.0974834 0.995237 0
    outer loop
      vertex 10.439 107.793 0
      vertex 10 107.75 4
      vertex 10.439 107.793 4
    endloop
  endfacet
  facet normal -0.0974834 0.995237 0
    outer loop
      vertex 10 107.75 4
      vertex 10.439 107.793 0
      vertex 10 107.75 0
    endloop
  endfacet
  facet normal 0.634639 0.772809 -0
    outer loop
      vertex 8.74997 108.129 0
      vertex 8.40901 108.409 4
      vertex 8.74997 108.129 4
    endloop
  endfacet
  facet normal 0.634639 0.772809 0
    outer loop
      vertex 8.40901 108.409 4
      vertex 8.74997 108.129 0
      vertex 8.40901 108.409 0
    endloop
  endfacet
  facet normal 0.881926 0.471388 0
    outer loop
      vertex 8.12919 108.75 4
      vertex 7.92127 109.139 0
      vertex 7.92127 109.139 4
    endloop
  endfacet
  facet normal 0.881926 0.471388 0
    outer loop
      vertex 7.92127 109.139 0
      vertex 8.12919 108.75 4
      vertex 8.12919 108.75 0
    endloop
  endfacet
  facet normal -0.995237 -0.0974834 0
    outer loop
      vertex 182.25 10 0
      vertex 182.207 10.439 4
      vertex 182.207 10.439 0
    endloop
  endfacet
  facet normal -0.995237 -0.0974834 0
    outer loop
      vertex 182.207 10.439 4
      vertex 182.25 10 0
      vertex 182.25 10 4
    endloop
  endfacet
  facet normal 0.0979324 -0.995193 0
    outer loop
      vertex 179.561 12.2068 0
      vertex 180 12.25 4
      vertex 179.561 12.2068 4
    endloop
  endfacet
  facet normal 0.0979324 -0.995193 0
    outer loop
      vertex 180 12.25 4
      vertex 179.561 12.2068 0
      vertex 180 12.25 0
    endloop
  endfacet
  facet normal -0.0979998 0.995186 0
    outer loop
      vertex 180.439 7.79323 0
      vertex 180 7.75 4
      vertex 180.439 7.79323 4
    endloop
  endfacet
  facet normal -0.0979998 0.995186 0
    outer loop
      vertex 180 7.75 4
      vertex 180.439 7.79323 0
      vertex 180 7.75 0
    endloop
  endfacet
  facet normal -0.634324 -0.773068 0
    outer loop
      vertex 181.25 11.8708 0
      vertex 181.591 11.591 4
      vertex 181.25 11.8708 4
    endloop
  endfacet
  facet normal -0.634324 -0.773068 -0
    outer loop
      vertex 181.591 11.591 4
      vertex 181.25 11.8708 0
      vertex 181.591 11.591 0
    endloop
  endfacet
  facet normal 0.772845 -0.634594 0
    outer loop
      vertex 178.129 11.25 4
      vertex 178.409 11.591 0
      vertex 178.409 11.591 4
    endloop
  endfacet
  facet normal 0.772845 -0.634594 0
    outer loop
      vertex 178.409 11.591 0
      vertex 178.129 11.25 4
      vertex 178.129 11.25 0
    endloop
  endfacet
  facet normal 0.471353 -0.881945 0
    outer loop
      vertex 178.75 11.8708 0
      vertex 179.139 12.0787 4
      vertex 178.75 11.8708 4
    endloop
  endfacet
  facet normal 0.471353 -0.881945 0
    outer loop
      vertex 179.139 12.0787 4
      vertex 178.75 11.8708 0
      vertex 179.139 12.0787 0
    endloop
  endfacet
  facet normal -0.772809 0.634639 0
    outer loop
      vertex 181.591 8.40901 0
      vertex 181.871 8.74997 4
      vertex 181.871 8.74997 0
    endloop
  endfacet
  facet normal -0.772809 0.634639 0
    outer loop
      vertex 181.871 8.74997 4
      vertex 181.591 8.40901 0
      vertex 181.591 8.40901 4
    endloop
  endfacet
  facet normal -0.881845 0.471539 0
    outer loop
      vertex 181.871 8.74997 0
      vertex 182.079 9.13896 4
      vertex 182.079 9.13896 0
    endloop
  endfacet
  facet normal -0.881845 0.471539 0
    outer loop
      vertex 182.079 9.13896 4
      vertex 181.871 8.74997 0
      vertex 181.871 8.74997 4
    endloop
  endfacet
  facet normal -0.88185 -0.471529 0
    outer loop
      vertex 182.079 10.861 0
      vertex 181.871 11.25 4
      vertex 181.871 11.25 0
    endloop
  endfacet
  facet normal -0.88185 -0.471529 0
    outer loop
      vertex 181.871 11.25 4
      vertex 182.079 10.861 0
      vertex 182.079 10.861 4
    endloop
  endfacet
  facet normal -0.956948 -0.290259 0
    outer loop
      vertex 182.207 10.439 0
      vertex 182.079 10.861 4
      vertex 182.079 10.861 0
    endloop
  endfacet
  facet normal -0.956948 -0.290259 0
    outer loop
      vertex 182.079 10.861 4
      vertex 182.207 10.439 0
      vertex 182.207 10.439 4
    endloop
  endfacet
  facet normal -0.772845 -0.634594 0
    outer loop
      vertex 181.871 11.25 0
      vertex 181.591 11.591 4
      vertex 181.591 11.591 0
    endloop
  endfacet
  facet normal -0.772845 -0.634594 0
    outer loop
      vertex 181.591 11.591 4
      vertex 181.871 11.25 0
      vertex 181.871 11.25 4
    endloop
  endfacet
  facet normal -0.290467 -0.956885 0
    outer loop
      vertex 180.439 12.2068 0
      vertex 180.861 12.0787 4
      vertex 180.439 12.2068 4
    endloop
  endfacet
  facet normal -0.290467 -0.956885 -0
    outer loop
      vertex 180.861 12.0787 4
      vertex 180.439 12.2068 0
      vertex 180.861 12.0787 0
    endloop
  endfacet
  facet normal -0.0979324 -0.995193 0
    outer loop
      vertex 180 12.25 0
      vertex 180.439 12.2068 4
      vertex 180 12.25 4
    endloop
  endfacet
  facet normal -0.0979324 -0.995193 -0
    outer loop
      vertex 180.439 12.2068 4
      vertex 180 12.25 0
      vertex 180.439 12.2068 0
    endloop
  endfacet
  facet normal -0.471353 -0.881945 0
    outer loop
      vertex 180.861 12.0787 0
      vertex 181.25 11.8708 4
      vertex 180.861 12.0787 4
    endloop
  endfacet
  facet normal -0.471353 -0.881945 -0
    outer loop
      vertex 181.25 11.8708 4
      vertex 180.861 12.0787 0
      vertex 181.25 11.8708 0
    endloop
  endfacet
  facet normal 0.956948 -0.290259 0
    outer loop
      vertex 177.793 10.439 4
      vertex 177.921 10.861 0
      vertex 177.921 10.861 4
    endloop
  endfacet
  facet normal 0.956948 -0.290259 0
    outer loop
      vertex 177.921 10.861 0
      vertex 177.793 10.439 4
      vertex 177.793 10.439 0
    endloop
  endfacet
  facet normal 0.88185 -0.471529 0
    outer loop
      vertex 177.921 10.861 4
      vertex 178.129 11.25 0
      vertex 178.129 11.25 4
    endloop
  endfacet
  facet normal 0.88185 -0.471529 0
    outer loop
      vertex 178.129 11.25 0
      vertex 177.921 10.861 4
      vertex 177.921 10.861 0
    endloop
  endfacet
  facet normal 0.995237 -0.0974834 0
    outer loop
      vertex 177.75 10 4
      vertex 177.793 10.439 0
      vertex 177.793 10.439 4
    endloop
  endfacet
  facet normal 0.995237 -0.0974834 0
    outer loop
      vertex 177.793 10.439 0
      vertex 177.75 10 4
      vertex 177.75 10 0
    endloop
  endfacet
  facet normal 0.634324 -0.773068 0
    outer loop
      vertex 178.409 11.591 0
      vertex 178.75 11.8708 4
      vertex 178.409 11.591 4
    endloop
  endfacet
  facet normal 0.634324 -0.773068 0
    outer loop
      vertex 178.75 11.8708 4
      vertex 178.409 11.591 0
      vertex 178.75 11.8708 0
    endloop
  endfacet
  facet normal 0.290467 -0.956885 0
    outer loop
      vertex 179.139 12.0787 0
      vertex 179.561 12.2068 4
      vertex 179.139 12.0787 4
    endloop
  endfacet
  facet normal 0.290467 -0.956885 0
    outer loop
      vertex 179.561 12.2068 4
      vertex 179.139 12.0787 0
      vertex 179.561 12.2068 0
    endloop
  endfacet
  facet normal -0.290342 0.956923 0
    outer loop
      vertex 180.861 7.92127 0
      vertex 180.439 7.79323 4
      vertex 180.861 7.92127 4
    endloop
  endfacet
  facet normal -0.290342 0.956923 0
    outer loop
      vertex 180.439 7.79323 4
      vertex 180.861 7.92127 0
      vertex 180.439 7.79323 0
    endloop
  endfacet
  facet normal -0.634351 0.773045 0
    outer loop
      vertex 181.591 8.40901 0
      vertex 181.25 8.12919 4
      vertex 181.591 8.40901 4
    endloop
  endfacet
  facet normal -0.634351 0.773045 0
    outer loop
      vertex 181.25 8.12919 4
      vertex 181.591 8.40901 0
      vertex 181.25 8.12919 0
    endloop
  endfacet
  facet normal 0.471388 0.881926 -0
    outer loop
      vertex 179.139 7.92127 0
      vertex 178.75 8.12919 4
      vertex 179.139 7.92127 4
    endloop
  endfacet
  facet normal 0.471388 0.881926 0
    outer loop
      vertex 178.75 8.12919 4
      vertex 179.139 7.92127 0
      vertex 178.75 8.12919 0
    endloop
  endfacet
  facet normal 0.0979998 0.995186 -0
    outer loop
      vertex 180 7.75 0
      vertex 179.561 7.79323 4
      vertex 180 7.75 4
    endloop
  endfacet
  facet normal 0.0979998 0.995186 0
    outer loop
      vertex 179.561 7.79323 4
      vertex 180 7.75 0
      vertex 179.561 7.79323 0
    endloop
  endfacet
  facet normal 0.772809 0.634639 0
    outer loop
      vertex 178.409 8.40901 4
      vertex 178.129 8.74997 0
      vertex 178.129 8.74997 4
    endloop
  endfacet
  facet normal 0.772809 0.634639 0
    outer loop
      vertex 178.129 8.74997 0
      vertex 178.409 8.40901 4
      vertex 178.409 8.40901 0
    endloop
  endfacet
  facet normal 0.634351 0.773045 -0
    outer loop
      vertex 178.75 8.12919 0
      vertex 178.409 8.40901 4
      vertex 178.75 8.12919 4
    endloop
  endfacet
  facet normal 0.634351 0.773045 0
    outer loop
      vertex 178.409 8.40901 4
      vertex 178.75 8.12919 0
      vertex 178.409 8.40901 0
    endloop
  endfacet
  facet normal 0.956965 0.290202 0
    outer loop
      vertex 177.921 9.13896 4
      vertex 177.793 9.56105 0
      vertex 177.793 9.56105 4
    endloop
  endfacet
  facet normal 0.956965 0.290202 0
    outer loop
      vertex 177.793 9.56105 0
      vertex 177.921 9.13896 4
      vertex 177.921 9.13896 0
    endloop
  endfacet
  facet normal 0.995236 0.0974944 0
    outer loop
      vertex 177.793 9.56105 4
      vertex 177.75 10 0
      vertex 177.75 10 4
    endloop
  endfacet
  facet normal 0.995236 0.0974944 0
    outer loop
      vertex 177.75 10 0
      vertex 177.793 9.56105 4
      vertex 177.793 9.56105 0
    endloop
  endfacet
  facet normal -0.471388 0.881926 0
    outer loop
      vertex 181.25 8.12919 0
      vertex 180.861 7.92127 4
      vertex 181.25 8.12919 4
    endloop
  endfacet
  facet normal -0.471388 0.881926 0
    outer loop
      vertex 180.861 7.92127 4
      vertex 181.25 8.12919 0
      vertex 180.861 7.92127 0
    endloop
  endfacet
  facet normal -0.956965 0.290202 0
    outer loop
      vertex 182.079 9.13896 0
      vertex 182.207 9.56105 4
      vertex 182.207 9.56105 0
    endloop
  endfacet
  facet normal -0.956965 0.290202 0
    outer loop
      vertex 182.207 9.56105 4
      vertex 182.079 9.13896 0
      vertex 182.079 9.13896 4
    endloop
  endfacet
  facet normal -0.995236 0.0974944 0
    outer loop
      vertex 182.207 9.56105 0
      vertex 182.25 10 4
      vertex 182.25 10 0
    endloop
  endfacet
  facet normal -0.995236 0.0974944 0
    outer loop
      vertex 182.25 10 4
      vertex 182.207 9.56105 0
      vertex 182.207 9.56105 4
    endloop
  endfacet
  facet normal 0.290342 0.956923 -0
    outer loop
      vertex 179.561 7.79323 0
      vertex 179.139 7.92127 4
      vertex 179.561 7.79323 4
    endloop
  endfacet
  facet normal 0.290342 0.956923 0
    outer loop
      vertex 179.139 7.92127 4
      vertex 179.561 7.79323 0
      vertex 179.139 7.92127 0
    endloop
  endfacet
  facet normal 0.881845 0.471539 0
    outer loop
      vertex 178.129 8.74997 4
      vertex 177.921 9.13896 0
      vertex 177.921 9.13896 4
    endloop
  endfacet
  facet normal 0.881845 0.471539 0
    outer loop
      vertex 177.921 9.13896 0
      vertex 178.129 8.74997 4
      vertex 178.129 8.74997 0
    endloop
  endfacet
  facet normal -0.995237 -0.0974834 0
    outer loop
      vertex 182.25 110 0
      vertex 182.207 110.439 4
      vertex 182.207 110.439 0
    endloop
  endfacet
  facet normal -0.995237 -0.0974834 0
    outer loop
      vertex 182.207 110.439 4
      vertex 182.25 110 0
      vertex 182.25 110 4
    endloop
  endfacet
  facet normal 0.0974834 -0.995237 0
    outer loop
      vertex 179.561 112.207 0
      vertex 180 112.25 4
      vertex 179.561 112.207 4
    endloop
  endfacet
  facet normal 0.0974834 -0.995237 0
    outer loop
      vertex 180 112.25 4
      vertex 179.561 112.207 0
      vertex 180 112.25 0
    endloop
  endfacet
  facet normal -0.0974834 0.995237 0
    outer loop
      vertex 180.439 107.793 0
      vertex 180 107.75 4
      vertex 180.439 107.793 4
    endloop
  endfacet
  facet normal -0.0974834 0.995237 0
    outer loop
      vertex 180 107.75 4
      vertex 180.439 107.793 0
      vertex 180 107.75 0
    endloop
  endfacet
  facet normal 0.634594 0.772845 -0
    outer loop
      vertex 178.75 108.129 0
      vertex 178.409 108.409 4
      vertex 178.75 108.129 4
    endloop
  endfacet
  facet normal 0.634594 0.772845 0
    outer loop
      vertex 178.409 108.409 4
      vertex 178.75 108.129 0
      vertex 178.409 108.409 0
    endloop
  endfacet
  facet normal -0.634594 -0.772845 0
    outer loop
      vertex 181.25 111.871 0
      vertex 181.591 111.591 4
      vertex 181.25 111.871 4
    endloop
  endfacet
  facet normal -0.634594 -0.772845 -0
    outer loop
      vertex 181.591 111.591 4
      vertex 181.25 111.871 0
      vertex 181.591 111.591 0
    endloop
  endfacet
  facet normal 0.772845 -0.634594 0
    outer loop
      vertex 178.129 111.25 4
      vertex 178.409 111.591 0
      vertex 178.409 111.591 4
    endloop
  endfacet
  facet normal 0.772845 -0.634594 0
    outer loop
      vertex 178.409 111.591 0
      vertex 178.129 111.25 4
      vertex 178.129 111.25 0
    endloop
  endfacet
  facet normal 0.471529 -0.88185 0
    outer loop
      vertex 178.75 111.871 0
      vertex 179.139 112.079 4
      vertex 178.75 111.871 4
    endloop
  endfacet
  facet normal 0.471529 -0.88185 0
    outer loop
      vertex 179.139 112.079 4
      vertex 178.75 111.871 0
      vertex 179.139 112.079 0
    endloop
  endfacet
  facet normal -0.88185 0.471529 0
    outer loop
      vertex 181.871 108.75 0
      vertex 182.079 109.139 4
      vertex 182.079 109.139 0
    endloop
  endfacet
  facet normal -0.88185 0.471529 0
    outer loop
      vertex 182.079 109.139 4
      vertex 181.871 108.75 0
      vertex 181.871 108.75 4
    endloop
  endfacet
  facet normal -0.88185 -0.471529 0
    outer loop
      vertex 182.079 110.861 0
      vertex 181.871 111.25 4
      vertex 181.871 111.25 0
    endloop
  endfacet
  facet normal -0.88185 -0.471529 0
    outer loop
      vertex 181.871 111.25 4
      vertex 182.079 110.861 0
      vertex 182.079 110.861 4
    endloop
  endfacet
  facet normal -0.956948 -0.290259 0
    outer loop
      vertex 182.207 110.439 0
      vertex 182.079 110.861 4
      vertex 182.079 110.861 0
    endloop
  endfacet
  facet normal -0.956948 -0.290259 0
    outer loop
      vertex 182.079 110.861 4
      vertex 182.207 110.439 0
      vertex 182.207 110.439 4
    endloop
  endfacet
  facet normal -0.772845 -0.634594 0
    outer loop
      vertex 181.871 111.25 0
      vertex 181.591 111.591 4
      vertex 181.591 111.591 0
    endloop
  endfacet
  facet normal -0.772845 -0.634594 0
    outer loop
      vertex 181.591 111.591 4
      vertex 181.871 111.25 0
      vertex 181.871 111.25 4
    endloop
  endfacet
  facet normal -0.290259 -0.956948 0
    outer loop
      vertex 180.439 112.207 0
      vertex 180.861 112.079 4
      vertex 180.439 112.207 4
    endloop
  endfacet
  facet normal -0.290259 -0.956948 -0
    outer loop
      vertex 180.861 112.079 4
      vertex 180.439 112.207 0
      vertex 180.861 112.079 0
    endloop
  endfacet
  facet normal -0.0974834 -0.995237 0
    outer loop
      vertex 180 112.25 0
      vertex 180.439 112.207 4
      vertex 180 112.25 4
    endloop
  endfacet
  facet normal -0.0974834 -0.995237 -0
    outer loop
      vertex 180.439 112.207 4
      vertex 180 112.25 0
      vertex 180.439 112.207 0
    endloop
  endfacet
  facet normal -0.471529 -0.88185 0
    outer loop
      vertex 180.861 112.079 0
      vertex 181.25 111.871 4
      vertex 180.861 112.079 4
    endloop
  endfacet
  facet normal -0.471529 -0.88185 -0
    outer loop
      vertex 181.25 111.871 4
      vertex 180.861 112.079 0
      vertex 181.25 111.871 0
    endloop
  endfacet
  facet normal 0.956948 -0.290259 0
    outer loop
      vertex 177.793 110.439 4
      vertex 177.921 110.861 0
      vertex 177.921 110.861 4
    endloop
  endfacet
  facet normal 0.956948 -0.290259 0
    outer loop
      vertex 177.921 110.861 0
      vertex 177.793 110.439 4
      vertex 177.793 110.439 0
    endloop
  endfacet
  facet normal 0.88185 -0.471529 0
    outer loop
      vertex 177.921 110.861 4
      vertex 178.129 111.25 0
      vertex 178.129 111.25 4
    endloop
  endfacet
  facet normal 0.88185 -0.471529 0
    outer loop
      vertex 178.129 111.25 0
      vertex 177.921 110.861 4
      vertex 177.921 110.861 0
    endloop
  endfacet
  facet normal 0.995237 -0.0974834 0
    outer loop
      vertex 177.75 110 4
      vertex 177.793 110.439 0
      vertex 177.793 110.439 4
    endloop
  endfacet
  facet normal 0.995237 -0.0974834 0
    outer loop
      vertex 177.793 110.439 0
      vertex 177.75 110 4
      vertex 177.75 110 0
    endloop
  endfacet
  facet normal 0.634594 -0.772845 0
    outer loop
      vertex 178.409 111.591 0
      vertex 178.75 111.871 4
      vertex 178.409 111.591 4
    endloop
  endfacet
  facet normal 0.634594 -0.772845 0
    outer loop
      vertex 178.75 111.871 4
      vertex 178.409 111.591 0
      vertex 178.75 111.871 0
    endloop
  endfacet
  facet normal 0.290259 -0.956948 0
    outer loop
      vertex 179.139 112.079 0
      vertex 179.561 112.207 4
      vertex 179.139 112.079 4
    endloop
  endfacet
  facet normal 0.290259 -0.956948 0
    outer loop
      vertex 179.561 112.207 4
      vertex 179.139 112.079 0
      vertex 179.561 112.207 0
    endloop
  endfacet
  facet normal -0.290259 0.956948 0
    outer loop
      vertex 180.861 107.921 0
      vertex 180.439 107.793 4
      vertex 180.861 107.921 4
    endloop
  endfacet
  facet normal -0.290259 0.956948 0
    outer loop
      vertex 180.439 107.793 4
      vertex 180.861 107.921 0
      vertex 180.439 107.793 0
    endloop
  endfacet
  facet normal -0.634594 0.772845 0
    outer loop
      vertex 181.591 108.409 0
      vertex 181.25 108.129 4
      vertex 181.591 108.409 4
    endloop
  endfacet
  facet normal -0.634594 0.772845 0
    outer loop
      vertex 181.25 108.129 4
      vertex 181.591 108.409 0
      vertex 181.25 108.129 0
    endloop
  endfacet
  facet normal 0.471529 0.88185 -0
    outer loop
      vertex 179.139 107.921 0
      vertex 178.75 108.129 4
      vertex 179.139 107.921 4
    endloop
  endfacet
  facet normal 0.471529 0.88185 0
    outer loop
      vertex 178.75 108.129 4
      vertex 179.139 107.921 0
      vertex 178.75 108.129 0
    endloop
  endfacet
  facet normal 0.0974834 0.995237 -0
    outer loop
      vertex 180 107.75 0
      vertex 179.561 107.793 4
      vertex 180 107.75 4
    endloop
  endfacet
  facet normal 0.0974834 0.995237 0
    outer loop
      vertex 179.561 107.793 4
      vertex 180 107.75 0
      vertex 179.561 107.793 0
    endloop
  endfacet
  facet normal 0.772845 0.634594 0
    outer loop
      vertex 178.409 108.409 4
      vertex 178.129 108.75 0
      vertex 178.129 108.75 4
    endloop
  endfacet
  facet normal 0.772845 0.634594 0
    outer loop
      vertex 178.129 108.75 0
      vertex 178.409 108.409 4
      vertex 178.409 108.409 0
    endloop
  endfacet
  facet normal 0.956948 0.290259 0
    outer loop
      vertex 177.921 109.139 4
      vertex 177.793 109.561 0
      vertex 177.793 109.561 4
    endloop
  endfacet
  facet normal 0.956948 0.290259 0
    outer loop
      vertex 177.793 109.561 0
      vertex 177.921 109.139 4
      vertex 177.921 109.139 0
    endloop
  endfacet
  facet normal 0.995237 0.0974834 0
    outer loop
      vertex 177.793 109.561 4
      vertex 177.75 110 0
      vertex 177.75 110 4
    endloop
  endfacet
  facet normal 0.995237 0.0974834 0
    outer loop
      vertex 177.75 110 0
      vertex 177.793 109.561 4
      vertex 177.793 109.561 0
    endloop
  endfacet
  facet normal -0.471529 0.88185 0
    outer loop
      vertex 181.25 108.129 0
      vertex 180.861 107.921 4
      vertex 181.25 108.129 4
    endloop
  endfacet
  facet normal -0.471529 0.88185 0
    outer loop
      vertex 180.861 107.921 4
      vertex 181.25 108.129 0
      vertex 180.861 107.921 0
    endloop
  endfacet
  facet normal -0.772845 0.634594 0
    outer loop
      vertex 181.591 108.409 0
      vertex 181.871 108.75 4
      vertex 181.871 108.75 0
    endloop
  endfacet
  facet normal -0.772845 0.634594 0
    outer loop
      vertex 181.871 108.75 4
      vertex 181.591 108.409 0
      vertex 181.591 108.409 4
    endloop
  endfacet
  facet normal -0.956948 0.290259 0
    outer loop
      vertex 182.079 109.139 0
      vertex 182.207 109.561 4
      vertex 182.207 109.561 0
    endloop
  endfacet
  facet normal -0.956948 0.290259 0
    outer loop
      vertex 182.207 109.561 4
      vertex 182.079 109.139 0
      vertex 182.079 109.139 4
    endloop
  endfacet
  facet normal -0.995237 0.0974834 0
    outer loop
      vertex 182.207 109.561 0
      vertex 182.25 110 4
      vertex 182.25 110 0
    endloop
  endfacet
  facet normal -0.995237 0.0974834 0
    outer loop
      vertex 182.25 110 4
      vertex 182.207 109.561 0
      vertex 182.207 109.561 4
    endloop
  endfacet
  facet normal 0.290259 0.956948 -0
    outer loop
      vertex 179.561 107.793 0
      vertex 179.139 107.921 4
      vertex 179.561 107.793 4
    endloop
  endfacet
  facet normal 0.290259 0.956948 0
    outer loop
      vertex 179.139 107.921 4
      vertex 179.561 107.793 0
      vertex 179.139 107.921 0
    endloop
  endfacet
  facet normal 0.88185 0.471529 0
    outer loop
      vertex 178.129 108.75 4
      vertex 177.921 109.139 0
      vertex 177.921 109.139 4
    endloop
  endfacet
  facet normal 0.88185 0.471529 0
    outer loop
      vertex 177.921 109.139 0
      vertex 178.129 108.75 4
      vertex 178.129 108.75 0
    endloop
  endfacet
  facet normal -0.471283 -0.881982 0
    outer loop
      vertex 60.6123 33.9782 0
      vertex 60.8889 33.8304 4
      vertex 60.6123 33.9782 4
    endloop
  endfacet
  facet normal -0.471283 -0.881982 -0
    outer loop
      vertex 60.8889 33.8304 4
      vertex 60.6123 33.9782 0
      vertex 60.8889 33.8304 0
    endloop
  endfacet
  facet normal -0.995197 0.0978934 0
    outer loop
      vertex 61.5693 32.1879 0
      vertex 61.6 32.5 4
      vertex 61.6 32.5 0
    endloop
  endfacet
  facet normal -0.995197 0.0978934 0
    outer loop
      vertex 61.6 32.5 4
      vertex 61.5693 32.1879 0
      vertex 61.5693 32.1879 4
    endloop
  endfacet
  facet normal 0.0978934 0.995197 -0
    outer loop
      vertex 60 30.9 0
      vertex 59.6879 30.9307 4
      vertex 60 30.9 4
    endloop
  endfacet
  facet normal 0.0978934 0.995197 0
    outer loop
      vertex 59.6879 30.9307 4
      vertex 60 30.9 0
      vertex 59.6879 30.9307 0
    endloop
  endfacet
  facet normal 0.471283 -0.881982 0
    outer loop
      vertex 59.1111 33.8304 0
      vertex 59.3877 33.9782 4
      vertex 59.1111 33.8304 4
    endloop
  endfacet
  facet normal 0.471283 -0.881982 0
    outer loop
      vertex 59.3877 33.9782 4
      vertex 59.1111 33.8304 0
      vertex 59.3877 33.9782 0
    endloop
  endfacet
  facet normal 0.956909 -0.290388 0
    outer loop
      vertex 58.4307 32.8121 4
      vertex 58.5218 33.1123 0
      vertex 58.5218 33.1123 4
    endloop
  endfacet
  facet normal 0.956909 -0.290388 0
    outer loop
      vertex 58.5218 33.1123 0
      vertex 58.4307 32.8121 4
      vertex 58.4307 32.8121 0
    endloop
  endfacet
  facet normal 0.773033 0.634365 0
    outer loop
      vertex 58.8686 31.3686 4
      vertex 58.6696 31.6111 0
      vertex 58.6696 31.6111 4
    endloop
  endfacet
  facet normal 0.773033 0.634365 0
    outer loop
      vertex 58.6696 31.6111 0
      vertex 58.8686 31.3686 4
      vertex 58.8686 31.3686 0
    endloop
  endfacet
  facet normal -0.881982 -0.471283 0
    outer loop
      vertex 61.4782 33.1123 0
      vertex 61.3304 33.3889 4
      vertex 61.3304 33.3889 0
    endloop
  endfacet
  facet normal -0.881982 -0.471283 0
    outer loop
      vertex 61.3304 33.3889 4
      vertex 61.4782 33.1123 0
      vertex 61.4782 33.1123 4
    endloop
  endfacet
  facet normal -0.773033 -0.634365 0
    outer loop
      vertex 61.3304 33.3889 0
      vertex 61.1314 33.6314 4
      vertex 61.1314 33.6314 0
    endloop
  endfacet
  facet normal -0.773033 -0.634365 0
    outer loop
      vertex 61.1314 33.6314 4
      vertex 61.3304 33.3889 0
      vertex 61.3304 33.3889 4
    endloop
  endfacet
  facet normal -0.634365 -0.773033 0
    outer loop
      vertex 60.8889 33.8304 0
      vertex 61.1314 33.6314 4
      vertex 60.8889 33.8304 4
    endloop
  endfacet
  facet normal -0.634365 -0.773033 -0
    outer loop
      vertex 61.1314 33.6314 4
      vertex 60.8889 33.8304 0
      vertex 61.1314 33.6314 0
    endloop
  endfacet
  facet normal -0.290388 -0.956909 0
    outer loop
      vertex 60.3121 34.0693 0
      vertex 60.6123 33.9782 4
      vertex 60.3121 34.0693 4
    endloop
  endfacet
  facet normal -0.290388 -0.956909 -0
    outer loop
      vertex 60.6123 33.9782 4
      vertex 60.3121 34.0693 0
      vertex 60.6123 33.9782 0
    endloop
  endfacet
  facet normal 0.0978934 -0.995197 0
    outer loop
      vertex 59.6879 34.0693 0
      vertex 60 34.1 4
      vertex 59.6879 34.0693 4
    endloop
  endfacet
  facet normal 0.0978934 -0.995197 0
    outer loop
      vertex 60 34.1 4
      vertex 59.6879 34.0693 0
      vertex 60 34.1 0
    endloop
  endfacet
  facet normal 0.995197 0.0978934 0
    outer loop
      vertex 58.4307 32.1879 4
      vertex 58.4 32.5 0
      vertex 58.4 32.5 4
    endloop
  endfacet
  facet normal 0.995197 0.0978934 0
    outer loop
      vertex 58.4 32.5 0
      vertex 58.4307 32.1879 4
      vertex 58.4307 32.1879 0
    endloop
  endfacet
  facet normal 0.881982 -0.471283 0
    outer loop
      vertex 58.5218 33.1123 4
      vertex 58.6696 33.3889 0
      vertex 58.6696 33.3889 4
    endloop
  endfacet
  facet normal 0.881982 -0.471283 0
    outer loop
      vertex 58.6696 33.3889 0
      vertex 58.5218 33.1123 4
      vertex 58.5218 33.1123 0
    endloop
  endfacet
  facet normal 0.634365 -0.773033 0
    outer loop
      vertex 58.8686 33.6314 0
      vertex 59.1111 33.8304 4
      vertex 58.8686 33.6314 4
    endloop
  endfacet
  facet normal 0.634365 -0.773033 0
    outer loop
      vertex 59.1111 33.8304 4
      vertex 58.8686 33.6314 0
      vertex 59.1111 33.8304 0
    endloop
  endfacet
  facet normal 0.290388 -0.956909 0
    outer loop
      vertex 59.3877 33.9782 0
      vertex 59.6879 34.0693 4
      vertex 59.3877 33.9782 4
    endloop
  endfacet
  facet normal 0.290388 -0.956909 0
    outer loop
      vertex 59.6879 34.0693 4
      vertex 59.3877 33.9782 0
      vertex 59.6879 34.0693 0
    endloop
  endfacet
  facet normal 0.773033 -0.634365 0
    outer loop
      vertex 58.6696 33.3889 4
      vertex 58.8686 33.6314 0
      vertex 58.8686 33.6314 4
    endloop
  endfacet
  facet normal 0.773033 -0.634365 0
    outer loop
      vertex 58.8686 33.6314 0
      vertex 58.6696 33.3889 4
      vertex 58.6696 33.3889 0
    endloop
  endfacet
  facet normal -0.995197 -0.0978934 0
    outer loop
      vertex 61.6 32.5 0
      vertex 61.5693 32.8121 4
      vertex 61.5693 32.8121 0
    endloop
  endfacet
  facet normal -0.995197 -0.0978934 0
    outer loop
      vertex 61.5693 32.8121 4
      vertex 61.6 32.5 0
      vertex 61.6 32.5 4
    endloop
  endfacet
  facet normal -0.290388 0.956909 0
    outer loop
      vertex 60.6123 31.0218 0
      vertex 60.3121 30.9307 4
      vertex 60.6123 31.0218 4
    endloop
  endfacet
  facet normal -0.290388 0.956909 0
    outer loop
      vertex 60.3121 30.9307 4
      vertex 60.6123 31.0218 0
      vertex 60.3121 30.9307 0
    endloop
  endfacet
  facet normal -0.471283 0.881982 0
    outer loop
      vertex 60.8889 31.1696 0
      vertex 60.6123 31.0218 4
      vertex 60.8889 31.1696 4
    endloop
  endfacet
  facet normal -0.471283 0.881982 0
    outer loop
      vertex 60.6123 31.0218 4
      vertex 60.8889 31.1696 0
      vertex 60.6123 31.0218 0
    endloop
  endfacet
  facet normal -0.634365 0.773033 0
    outer loop
      vertex 61.1314 31.3686 0
      vertex 60.8889 31.1696 4
      vertex 61.1314 31.3686 4
    endloop
  endfacet
  facet normal -0.634365 0.773033 0
    outer loop
      vertex 60.8889 31.1696 4
      vertex 61.1314 31.3686 0
      vertex 60.8889 31.1696 0
    endloop
  endfacet
  facet normal -0.881982 0.471283 0
    outer loop
      vertex 61.3304 31.6111 0
      vertex 61.4782 31.8877 4
      vertex 61.4782 31.8877 0
    endloop
  endfacet
  facet normal -0.881982 0.471283 0
    outer loop
      vertex 61.4782 31.8877 4
      vertex 61.3304 31.6111 0
      vertex 61.3304 31.6111 4
    endloop
  endfacet
  facet normal 0.471283 0.881982 -0
    outer loop
      vertex 59.3877 31.0218 0
      vertex 59.1111 31.1696 4
      vertex 59.3877 31.0218 4
    endloop
  endfacet
  facet normal 0.471283 0.881982 0
    outer loop
      vertex 59.1111 31.1696 4
      vertex 59.3877 31.0218 0
      vertex 59.1111 31.1696 0
    endloop
  endfacet
  facet normal 0.290388 0.956909 -0
    outer loop
      vertex 59.6879 30.9307 0
      vertex 59.3877 31.0218 4
      vertex 59.6879 30.9307 4
    endloop
  endfacet
  facet normal 0.290388 0.956909 0
    outer loop
      vertex 59.3877 31.0218 4
      vertex 59.6879 30.9307 0
      vertex 59.3877 31.0218 0
    endloop
  endfacet
  facet normal 0.956909 0.290388 0
    outer loop
      vertex 58.5218 31.8877 4
      vertex 58.4307 32.1879 0
      vertex 58.4307 32.1879 4
    endloop
  endfacet
  facet normal 0.956909 0.290388 0
    outer loop
      vertex 58.4307 32.1879 0
      vertex 58.5218 31.8877 4
      vertex 58.5218 31.8877 0
    endloop
  endfacet
  facet normal -0.956909 -0.290388 0
    outer loop
      vertex 61.5693 32.8121 0
      vertex 61.4782 33.1123 4
      vertex 61.4782 33.1123 0
    endloop
  endfacet
  facet normal -0.956909 -0.290388 0
    outer loop
      vertex 61.4782 33.1123 4
      vertex 61.5693 32.8121 0
      vertex 61.5693 32.8121 4
    endloop
  endfacet
  facet normal -0.0978934 -0.995197 0
    outer loop
      vertex 60 34.1 0
      vertex 60.3121 34.0693 4
      vertex 60 34.1 4
    endloop
  endfacet
  facet normal -0.0978934 -0.995197 -0
    outer loop
      vertex 60.3121 34.0693 4
      vertex 60 34.1 0
      vertex 60.3121 34.0693 0
    endloop
  endfacet
  facet normal 0.995197 -0.0978934 0
    outer loop
      vertex 58.4 32.5 4
      vertex 58.4307 32.8121 0
      vertex 58.4307 32.8121 4
    endloop
  endfacet
  facet normal 0.995197 -0.0978934 0
    outer loop
      vertex 58.4307 32.8121 0
      vertex 58.4 32.5 4
      vertex 58.4 32.5 0
    endloop
  endfacet
  facet normal -0.773033 0.634365 0
    outer loop
      vertex 61.1314 31.3686 0
      vertex 61.3304 31.6111 4
      vertex 61.3304 31.6111 0
    endloop
  endfacet
  facet normal -0.773033 0.634365 0
    outer loop
      vertex 61.3304 31.6111 4
      vertex 61.1314 31.3686 0
      vertex 61.1314 31.3686 4
    endloop
  endfacet
  facet normal -0.956909 0.290388 0
    outer loop
      vertex 61.4782 31.8877 0
      vertex 61.5693 32.1879 4
      vertex 61.5693 32.1879 0
    endloop
  endfacet
  facet normal -0.956909 0.290388 0
    outer loop
      vertex 61.5693 32.1879 4
      vertex 61.4782 31.8877 0
      vertex 61.4782 31.8877 4
    endloop
  endfacet
  facet normal -0.0978934 0.995197 0
    outer loop
      vertex 60.3121 30.9307 0
      vertex 60 30.9 4
      vertex 60.3121 30.9307 4
    endloop
  endfacet
  facet normal -0.0978934 0.995197 0
    outer loop
      vertex 60 30.9 4
      vertex 60.3121 30.9307 0
      vertex 60 30.9 0
    endloop
  endfacet
  facet normal 0.881982 0.471283 0
    outer loop
      vertex 58.6696 31.6111 4
      vertex 58.5218 31.8877 0
      vertex 58.5218 31.8877 4
    endloop
  endfacet
  facet normal 0.881982 0.471283 0
    outer loop
      vertex 58.5218 31.8877 0
      vertex 58.6696 31.6111 4
      vertex 58.6696 31.6111 0
    endloop
  endfacet
  facet normal 0.634365 0.773033 -0
    outer loop
      vertex 59.1111 31.1696 0
      vertex 58.8686 31.3686 4
      vertex 59.1111 31.1696 4
    endloop
  endfacet
  facet normal 0.634365 0.773033 0
    outer loop
      vertex 58.8686 31.3686 4
      vertex 59.1111 31.1696 0
      vertex 58.8686 31.3686 0
    endloop
  endfacet
  facet normal -0.471283 -0.881982 0
    outer loop
      vertex 60.6123 88.9782 0
      vertex 60.8889 88.8304 4
      vertex 60.6123 88.9782 4
    endloop
  endfacet
  facet normal -0.471283 -0.881982 -0
    outer loop
      vertex 60.8889 88.8304 4
      vertex 60.6123 88.9782 0
      vertex 60.8889 88.8304 0
    endloop
  endfacet
  facet normal 0.995197 -0.0978934 0
    outer loop
      vertex 58.4 87.5 4
      vertex 58.4307 87.8121 0
      vertex 58.4307 87.8121 4
    endloop
  endfacet
  facet normal 0.995197 -0.0978934 0
    outer loop
      vertex 58.4307 87.8121 0
      vertex 58.4 87.5 4
      vertex 58.4 87.5 0
    endloop
  endfacet
  facet normal -0.995197 0.0978934 0
    outer loop
      vertex 61.5693 87.1879 0
      vertex 61.6 87.5 4
      vertex 61.6 87.5 0
    endloop
  endfacet
  facet normal -0.995197 0.0978934 0
    outer loop
      vertex 61.6 87.5 4
      vertex 61.5693 87.1879 0
      vertex 61.5693 87.1879 4
    endloop
  endfacet
  facet normal 0.0978934 0.995197 -0
    outer loop
      vertex 60 85.9 0
      vertex 59.6879 85.9307 4
      vertex 60 85.9 4
    endloop
  endfacet
  facet normal 0.0978934 0.995197 0
    outer loop
      vertex 59.6879 85.9307 4
      vertex 60 85.9 0
      vertex 59.6879 85.9307 0
    endloop
  endfacet
  facet normal 0.471283 -0.881982 0
    outer loop
      vertex 59.1111 88.8304 0
      vertex 59.3877 88.9782 4
      vertex 59.1111 88.8304 4
    endloop
  endfacet
  facet normal 0.471283 -0.881982 0
    outer loop
      vertex 59.3877 88.9782 4
      vertex 59.1111 88.8304 0
      vertex 59.3877 88.9782 0
    endloop
  endfacet
  facet normal 0.956909 -0.290388 0
    outer loop
      vertex 58.4307 87.8121 4
      vertex 58.5218 88.1123 0
      vertex 58.5218 88.1123 4
    endloop
  endfacet
  facet normal 0.956909 -0.290388 0
    outer loop
      vertex 58.5218 88.1123 0
      vertex 58.4307 87.8121 4
      vertex 58.4307 87.8121 0
    endloop
  endfacet
  facet normal -0.956909 -0.290388 0
    outer loop
      vertex 61.5693 87.8121 0
      vertex 61.4782 88.1123 4
      vertex 61.4782 88.1123 0
    endloop
  endfacet
  facet normal -0.956909 -0.290388 0
    outer loop
      vertex 61.4782 88.1123 4
      vertex 61.5693 87.8121 0
      vertex 61.5693 87.8121 4
    endloop
  endfacet
  facet normal -0.881982 -0.471283 0
    outer loop
      vertex 61.4782 88.1123 0
      vertex 61.3304 88.3889 4
      vertex 61.3304 88.3889 0
    endloop
  endfacet
  facet normal -0.881982 -0.471283 0
    outer loop
      vertex 61.3304 88.3889 4
      vertex 61.4782 88.1123 0
      vertex 61.4782 88.1123 4
    endloop
  endfacet
  facet normal -0.773033 -0.634365 0
    outer loop
      vertex 61.3304 88.3889 0
      vertex 61.1314 88.6314 4
      vertex 61.1314 88.6314 0
    endloop
  endfacet
  facet normal -0.773033 -0.634365 0
    outer loop
      vertex 61.1314 88.6314 4
      vertex 61.3304 88.3889 0
      vertex 61.3304 88.3889 4
    endloop
  endfacet
  facet normal -0.634365 -0.773033 0
    outer loop
      vertex 60.8889 88.8304 0
      vertex 61.1314 88.6314 4
      vertex 60.8889 88.8304 4
    endloop
  endfacet
  facet normal -0.634365 -0.773033 -0
    outer loop
      vertex 61.1314 88.6314 4
      vertex 60.8889 88.8304 0
      vertex 61.1314 88.6314 0
    endloop
  endfacet
  facet normal -0.290388 -0.956909 0
    outer loop
      vertex 60.3121 89.0693 0
      vertex 60.6123 88.9782 4
      vertex 60.3121 89.0693 4
    endloop
  endfacet
  facet normal -0.290388 -0.956909 -0
    outer loop
      vertex 60.6123 88.9782 4
      vertex 60.3121 89.0693 0
      vertex 60.6123 88.9782 0
    endloop
  endfacet
  facet normal 0.0978934 -0.995197 0
    outer loop
      vertex 59.6879 89.0693 0
      vertex 60 89.1 4
      vertex 59.6879 89.0693 4
    endloop
  endfacet
  facet normal 0.0978934 -0.995197 0
    outer loop
      vertex 60 89.1 4
      vertex 59.6879 89.0693 0
      vertex 60 89.1 0
    endloop
  endfacet
  facet normal -0.0978934 -0.995197 0
    outer loop
      vertex 60 89.1 0
      vertex 60.3121 89.0693 4
      vertex 60 89.1 4
    endloop
  endfacet
  facet normal -0.0978934 -0.995197 -0
    outer loop
      vertex 60.3121 89.0693 4
      vertex 60 89.1 0
      vertex 60.3121 89.0693 0
    endloop
  endfacet
  facet normal 0.995197 0.0978934 0
    outer loop
      vertex 58.4307 87.1879 4
      vertex 58.4 87.5 0
      vertex 58.4 87.5 4
    endloop
  endfacet
  facet normal 0.995197 0.0978934 0
    outer loop
      vertex 58.4 87.5 0
      vertex 58.4307 87.1879 4
      vertex 58.4307 87.1879 0
    endloop
  endfacet
  facet normal 0.881982 -0.471283 0
    outer loop
      vertex 58.5218 88.1123 4
      vertex 58.6696 88.3889 0
      vertex 58.6696 88.3889 4
    endloop
  endfacet
  facet normal 0.881982 -0.471283 0
    outer loop
      vertex 58.6696 88.3889 0
      vertex 58.5218 88.1123 4
      vertex 58.5218 88.1123 0
    endloop
  endfacet
  facet normal 0.634365 -0.773033 0
    outer loop
      vertex 58.8686 88.6314 0
      vertex 59.1111 88.8304 4
      vertex 58.8686 88.6314 4
    endloop
  endfacet
  facet normal 0.634365 -0.773033 0
    outer loop
      vertex 59.1111 88.8304 4
      vertex 58.8686 88.6314 0
      vertex 59.1111 88.8304 0
    endloop
  endfacet
  facet normal 0.290388 -0.956909 0
    outer loop
      vertex 59.3877 88.9782 0
      vertex 59.6879 89.0693 4
      vertex 59.3877 88.9782 4
    endloop
  endfacet
  facet normal 0.290388 -0.956909 0
    outer loop
      vertex 59.6879 89.0693 4
      vertex 59.3877 88.9782 0
      vertex 59.6879 89.0693 0
    endloop
  endfacet
  facet normal 0.773033 -0.634365 0
    outer loop
      vertex 58.6696 88.3889 4
      vertex 58.8686 88.6314 0
      vertex 58.8686 88.6314 4
    endloop
  endfacet
  facet normal 0.773033 -0.634365 0
    outer loop
      vertex 58.8686 88.6314 0
      vertex 58.6696 88.3889 4
      vertex 58.6696 88.3889 0
    endloop
  endfacet
  facet normal -0.995197 -0.0978934 0
    outer loop
      vertex 61.6 87.5 0
      vertex 61.5693 87.8121 4
      vertex 61.5693 87.8121 0
    endloop
  endfacet
  facet normal -0.995197 -0.0978934 0
    outer loop
      vertex 61.5693 87.8121 4
      vertex 61.6 87.5 0
      vertex 61.6 87.5 4
    endloop
  endfacet
  facet normal -0.290388 0.956909 0
    outer loop
      vertex 60.6123 86.0218 0
      vertex 60.3121 85.9307 4
      vertex 60.6123 86.0218 4
    endloop
  endfacet
  facet normal -0.290388 0.956909 0
    outer loop
      vertex 60.3121 85.9307 4
      vertex 60.6123 86.0218 0
      vertex 60.3121 85.9307 0
    endloop
  endfacet
  facet normal -0.471283 0.881982 0
    outer loop
      vertex 60.8889 86.1696 0
      vertex 60.6123 86.0218 4
      vertex 60.8889 86.1696 4
    endloop
  endfacet
  facet normal -0.471283 0.881982 0
    outer loop
      vertex 60.6123 86.0218 4
      vertex 60.8889 86.1696 0
      vertex 60.6123 86.0218 0
    endloop
  endfacet
  facet normal -0.634365 0.773033 0
    outer loop
      vertex 61.1314 86.3686 0
      vertex 60.8889 86.1696 4
      vertex 61.1314 86.3686 4
    endloop
  endfacet
  facet normal -0.634365 0.773033 0
    outer loop
      vertex 60.8889 86.1696 4
      vertex 61.1314 86.3686 0
      vertex 60.8889 86.1696 0
    endloop
  endfacet
  facet normal -0.881982 0.471283 0
    outer loop
      vertex 61.3304 86.6111 0
      vertex 61.4782 86.8877 4
      vertex 61.4782 86.8877 0
    endloop
  endfacet
  facet normal -0.881982 0.471283 0
    outer loop
      vertex 61.4782 86.8877 4
      vertex 61.3304 86.6111 0
      vertex 61.3304 86.6111 4
    endloop
  endfacet
  facet normal -0.0978934 0.995197 0
    outer loop
      vertex 60.3121 85.9307 0
      vertex 60 85.9 4
      vertex 60.3121 85.9307 4
    endloop
  endfacet
  facet normal -0.0978934 0.995197 0
    outer loop
      vertex 60 85.9 4
      vertex 60.3121 85.9307 0
      vertex 60 85.9 0
    endloop
  endfacet
  facet normal 0.471283 0.881982 -0
    outer loop
      vertex 59.3877 86.0218 0
      vertex 59.1111 86.1696 4
      vertex 59.3877 86.0218 4
    endloop
  endfacet
  facet normal 0.471283 0.881982 0
    outer loop
      vertex 59.1111 86.1696 4
      vertex 59.3877 86.0218 0
      vertex 59.1111 86.1696 0
    endloop
  endfacet
  facet normal 0.773033 0.634365 0
    outer loop
      vertex 58.8686 86.3686 4
      vertex 58.6696 86.6111 0
      vertex 58.6696 86.6111 4
    endloop
  endfacet
  facet normal 0.773033 0.634365 0
    outer loop
      vertex 58.6696 86.6111 0
      vertex 58.8686 86.3686 4
      vertex 58.8686 86.3686 0
    endloop
  endfacet
  facet normal 0.956909 0.290388 0
    outer loop
      vertex 58.5218 86.8877 4
      vertex 58.4307 87.1879 0
      vertex 58.4307 87.1879 4
    endloop
  endfacet
  facet normal 0.956909 0.290388 0
    outer loop
      vertex 58.4307 87.1879 0
      vertex 58.5218 86.8877 4
      vertex 58.5218 86.8877 0
    endloop
  endfacet
  facet normal -0.773033 0.634365 0
    outer loop
      vertex 61.1314 86.3686 0
      vertex 61.3304 86.6111 4
      vertex 61.3304 86.6111 0
    endloop
  endfacet
  facet normal -0.773033 0.634365 0
    outer loop
      vertex 61.3304 86.6111 4
      vertex 61.1314 86.3686 0
      vertex 61.1314 86.3686 4
    endloop
  endfacet
  facet normal -0.956909 0.290388 0
    outer loop
      vertex 61.4782 86.8877 0
      vertex 61.5693 87.1879 4
      vertex 61.5693 87.1879 0
    endloop
  endfacet
  facet normal -0.956909 0.290388 0
    outer loop
      vertex 61.5693 87.1879 4
      vertex 61.4782 86.8877 0
      vertex 61.4782 86.8877 4
    endloop
  endfacet
  facet normal 0.290388 0.956909 -0
    outer loop
      vertex 59.6879 85.9307 0
      vertex 59.3877 86.0218 4
      vertex 59.6879 85.9307 4
    endloop
  endfacet
  facet normal 0.290388 0.956909 0
    outer loop
      vertex 59.3877 86.0218 4
      vertex 59.6879 85.9307 0
      vertex 59.3877 86.0218 0
    endloop
  endfacet
  facet normal 0.881982 0.471283 0
    outer loop
      vertex 58.6696 86.6111 4
      vertex 58.5218 86.8877 0
      vertex 58.5218 86.8877 4
    endloop
  endfacet
  facet normal 0.881982 0.471283 0
    outer loop
      vertex 58.5218 86.8877 0
      vertex 58.6696 86.6111 4
      vertex 58.6696 86.6111 0
    endloop
  endfacet
  facet normal 0.634365 0.773033 -0
    outer loop
      vertex 59.1111 86.1696 0
      vertex 58.8686 86.3686 4
      vertex 59.1111 86.1696 4
    endloop
  endfacet
  facet normal 0.634365 0.773033 0
    outer loop
      vertex 58.8686 86.3686 4
      vertex 59.1111 86.1696 0
      vertex 58.8686 86.3686 0
    endloop
  endfacet
  facet normal -0.995103 -0.0988408 0
    outer loop
      vertex 131.6 32.5 0
      vertex 131.569 32.8121 4
      vertex 131.569 32.8121 0
    endloop
  endfacet
  facet normal -0.995103 -0.0988408 0
    outer loop
      vertex 131.569 32.8121 4
      vertex 131.6 32.5 0
      vertex 131.6 32.5 4
    endloop
  endfacet
  facet normal 0.0979245 -0.995194 0
    outer loop
      vertex 129.688 34.0693 0
      vertex 130 34.1 4
      vertex 129.688 34.0693 4
    endloop
  endfacet
  facet normal 0.0979245 -0.995194 0
    outer loop
      vertex 130 34.1 4
      vertex 129.688 34.0693 0
      vertex 130 34.1 0
    endloop
  endfacet
  facet normal -0.635148 -0.772391 0
    outer loop
      vertex 130.889 33.8304 0
      vertex 131.131 33.6314 4
      vertex 130.889 33.8304 4
    endloop
  endfacet
  facet normal -0.635148 -0.772391 -0
    outer loop
      vertex 131.131 33.6314 4
      vertex 130.889 33.8304 0
      vertex 131.131 33.6314 0
    endloop
  endfacet
  facet normal 0.773033 -0.634365 0
    outer loop
      vertex 128.67 33.3889 4
      vertex 128.869 33.6314 0
      vertex 128.869 33.6314 4
    endloop
  endfacet
  facet normal 0.773033 -0.634365 0
    outer loop
      vertex 128.869 33.6314 0
      vertex 128.67 33.3889 4
      vertex 128.67 33.3889 0
    endloop
  endfacet
  facet normal 0.470754 -0.882265 0
    outer loop
      vertex 129.111 33.8304 0
      vertex 129.388 33.9782 4
      vertex 129.111 33.8304 4
    endloop
  endfacet
  facet normal 0.470754 -0.882265 0
    outer loop
      vertex 129.388 33.9782 4
      vertex 129.111 33.8304 0
      vertex 129.388 33.9782 0
    endloop
  endfacet
  facet normal -0.881717 0.471779 0
    outer loop
      vertex 131.33 31.6111 0
      vertex 131.478 31.8877 4
      vertex 131.478 31.8877 0
    endloop
  endfacet
  facet normal -0.881717 0.471779 0
    outer loop
      vertex 131.478 31.8877 4
      vertex 131.33 31.6111 0
      vertex 131.33 31.6111 4
    endloop
  endfacet
  facet normal 0.635148 0.772391 -0
    outer loop
      vertex 129.111 31.1696 0
      vertex 128.869 31.3686 4
      vertex 129.111 31.1696 4
    endloop
  endfacet
  facet normal 0.635148 0.772391 0
    outer loop
      vertex 128.869 31.3686 4
      vertex 129.111 31.1696 0
      vertex 128.869 31.3686 0
    endloop
  endfacet
  facet normal -0.881717 -0.471779 0
    outer loop
      vertex 131.478 33.1123 0
      vertex 131.33 33.3889 4
      vertex 131.33 33.3889 0
    endloop
  endfacet
  facet normal -0.881717 -0.471779 0
    outer loop
      vertex 131.33 33.3889 4
      vertex 131.478 33.1123 0
      vertex 131.478 33.1123 4
    endloop
  endfacet
  facet normal -0.956998 -0.290096 0
    outer loop
      vertex 131.569 32.8121 0
      vertex 131.478 33.1123 4
      vertex 131.478 33.1123 0
    endloop
  endfacet
  facet normal -0.956998 -0.290096 0
    outer loop
      vertex 131.478 33.1123 4
      vertex 131.569 32.8121 0
      vertex 131.569 32.8121 4
    endloop
  endfacet
  facet normal -0.773033 -0.634365 0
    outer loop
      vertex 131.33 33.3889 0
      vertex 131.131 33.6314 4
      vertex 131.131 33.6314 0
    endloop
  endfacet
  facet normal -0.773033 -0.634365 0
    outer loop
      vertex 131.131 33.6314 4
      vertex 131.33 33.3889 0
      vertex 131.33 33.3889 4
    endloop
  endfacet
  facet normal -0.290565 -0.956855 0
    outer loop
      vertex 130.312 34.0693 0
      vertex 130.612 33.9782 4
      vertex 130.312 34.0693 4
    endloop
  endfacet
  facet normal -0.290565 -0.956855 -0
    outer loop
      vertex 130.612 33.9782 4
      vertex 130.312 34.0693 0
      vertex 130.612 33.9782 0
    endloop
  endfacet
  facet normal -0.0979245 -0.995194 0
    outer loop
      vertex 130 34.1 0
      vertex 130.312 34.0693 4
      vertex 130 34.1 4
    endloop
  endfacet
  facet normal -0.0979245 -0.995194 -0
    outer loop
      vertex 130.312 34.0693 4
      vertex 130 34.1 0
      vertex 130.312 34.0693 0
    endloop
  endfacet
  facet normal -0.470754 -0.882265 0
    outer loop
      vertex 130.612 33.9782 0
      vertex 130.889 33.8304 4
      vertex 130.612 33.9782 4
    endloop
  endfacet
  facet normal -0.470754 -0.882265 -0
    outer loop
      vertex 130.889 33.8304 4
      vertex 130.612 33.9782 0
      vertex 130.889 33.8304 0
    endloop
  endfacet
  facet normal 0.956998 -0.290096 0
    outer loop
      vertex 128.431 32.8121 4
      vertex 128.522 33.1123 0
      vertex 128.522 33.1123 4
    endloop
  endfacet
  facet normal 0.956998 -0.290096 0
    outer loop
      vertex 128.522 33.1123 0
      vertex 128.431 32.8121 4
      vertex 128.431 32.8121 0
    endloop
  endfacet
  facet normal 0.881717 -0.471779 0
    outer loop
      vertex 128.522 33.1123 4
      vertex 128.67 33.3889 0
      vertex 128.67 33.3889 4
    endloop
  endfacet
  facet normal 0.881717 -0.471779 0
    outer loop
      vertex 128.67 33.3889 0
      vertex 128.522 33.1123 4
      vertex 128.522 33.1123 0
    endloop
  endfacet
  facet normal 0.995103 -0.0988408 0
    outer loop
      vertex 128.4 32.5 4
      vertex 128.431 32.8121 0
      vertex 128.431 32.8121 4
    endloop
  endfacet
  facet normal 0.995103 -0.0988408 0
    outer loop
      vertex 128.431 32.8121 0
      vertex 128.4 32.5 4
      vertex 128.4 32.5 0
    endloop
  endfacet
  facet normal 0.635148 -0.772391 0
    outer loop
      vertex 128.869 33.6314 0
      vertex 129.111 33.8304 4
      vertex 128.869 33.6314 4
    endloop
  endfacet
  facet normal 0.635148 -0.772391 0
    outer loop
      vertex 129.111 33.8304 4
      vertex 128.869 33.6314 0
      vertex 129.111 33.8304 0
    endloop
  endfacet
  facet normal 0.290565 -0.956855 0
    outer loop
      vertex 129.388 33.9782 0
      vertex 129.688 34.0693 4
      vertex 129.388 33.9782 4
    endloop
  endfacet
  facet normal 0.290565 -0.956855 0
    outer loop
      vertex 129.688 34.0693 4
      vertex 129.388 33.9782 0
      vertex 129.688 34.0693 0
    endloop
  endfacet
  facet normal -0.290565 0.956855 0
    outer loop
      vertex 130.612 31.0218 0
      vertex 130.312 30.9307 4
      vertex 130.612 31.0218 4
    endloop
  endfacet
  facet normal -0.290565 0.956855 0
    outer loop
      vertex 130.312 30.9307 4
      vertex 130.612 31.0218 0
      vertex 130.312 30.9307 0
    endloop
  endfacet
  facet normal -0.635148 0.772391 0
    outer loop
      vertex 131.131 31.3686 0
      vertex 130.889 31.1696 4
      vertex 131.131 31.3686 4
    endloop
  endfacet
  facet normal -0.635148 0.772391 0
    outer loop
      vertex 130.889 31.1696 4
      vertex 131.131 31.3686 0
      vertex 130.889 31.1696 0
    endloop
  endfacet
  facet normal 0.470754 0.882265 -0
    outer loop
      vertex 129.388 31.0218 0
      vertex 129.111 31.1696 4
      vertex 129.388 31.0218 4
    endloop
  endfacet
  facet normal 0.470754 0.882265 0
    outer loop
      vertex 129.111 31.1696 4
      vertex 129.388 31.0218 0
      vertex 129.111 31.1696 0
    endloop
  endfacet
  facet normal 0.0979245 0.995194 -0
    outer loop
      vertex 130 30.9 0
      vertex 129.688 30.9307 4
      vertex 130 30.9 4
    endloop
  endfacet
  facet normal 0.0979245 0.995194 0
    outer loop
      vertex 129.688 30.9307 4
      vertex 130 30.9 0
      vertex 129.688 30.9307 0
    endloop
  endfacet
  facet normal 0.956998 0.290096 0
    outer loop
      vertex 128.522 31.8877 4
      vertex 128.431 32.1879 0
      vertex 128.431 32.1879 4
    endloop
  endfacet
  facet normal 0.956998 0.290096 0
    outer loop
      vertex 128.431 32.1879 0
      vertex 128.522 31.8877 4
      vertex 128.522 31.8877 0
    endloop
  endfacet
  facet normal 0.773033 0.634365 0
    outer loop
      vertex 128.869 31.3686 4
      vertex 128.67 31.6111 0
      vertex 128.67 31.6111 4
    endloop
  endfacet
  facet normal 0.773033 0.634365 0
    outer loop
      vertex 128.67 31.6111 0
      vertex 128.869 31.3686 4
      vertex 128.869 31.3686 0
    endloop
  endfacet
  facet normal 0.881717 0.471779 0
    outer loop
      vertex 128.67 31.6111 4
      vertex 128.522 31.8877 0
      vertex 128.522 31.8877 4
    endloop
  endfacet
  facet normal 0.881717 0.471779 0
    outer loop
      vertex 128.522 31.8877 0
      vertex 128.67 31.6111 4
      vertex 128.67 31.6111 0
    endloop
  endfacet
  facet normal 0.995103 0.0988408 0
    outer loop
      vertex 128.431 32.1879 4
      vertex 128.4 32.5 0
      vertex 128.4 32.5 4
    endloop
  endfacet
  facet normal 0.995103 0.0988408 0
    outer loop
      vertex 128.4 32.5 0
      vertex 128.431 32.1879 4
      vertex 128.431 32.1879 0
    endloop
  endfacet
  facet normal -0.470754 0.882265 0
    outer loop
      vertex 130.889 31.1696 0
      vertex 130.612 31.0218 4
      vertex 130.889 31.1696 4
    endloop
  endfacet
  facet normal -0.470754 0.882265 0
    outer loop
      vertex 130.612 31.0218 4
      vertex 130.889 31.1696 0
      vertex 130.612 31.0218 0
    endloop
  endfacet
  facet normal -0.773033 0.634365 0
    outer loop
      vertex 131.131 31.3686 0
      vertex 131.33 31.6111 4
      vertex 131.33 31.6111 0
    endloop
  endfacet
  facet normal -0.773033 0.634365 0
    outer loop
      vertex 131.33 31.6111 4
      vertex 131.131 31.3686 0
      vertex 131.131 31.3686 4
    endloop
  endfacet
  facet normal -0.956998 0.290096 0
    outer loop
      vertex 131.478 31.8877 0
      vertex 131.569 32.1879 4
      vertex 131.569 32.1879 0
    endloop
  endfacet
  facet normal -0.956998 0.290096 0
    outer loop
      vertex 131.569 32.1879 4
      vertex 131.478 31.8877 0
      vertex 131.478 31.8877 4
    endloop
  endfacet
  facet normal -0.995103 0.0988408 0
    outer loop
      vertex 131.569 32.1879 0
      vertex 131.6 32.5 4
      vertex 131.6 32.5 0
    endloop
  endfacet
  facet normal -0.995103 0.0988408 0
    outer loop
      vertex 131.6 32.5 4
      vertex 131.569 32.1879 0
      vertex 131.569 32.1879 4
    endloop
  endfacet
  facet normal 0.290565 0.956855 -0
    outer loop
      vertex 129.688 30.9307 0
      vertex 129.388 31.0218 4
      vertex 129.688 30.9307 4
    endloop
  endfacet
  facet normal 0.290565 0.956855 0
    outer loop
      vertex 129.388 31.0218 4
      vertex 129.688 30.9307 0
      vertex 129.388 31.0218 0
    endloop
  endfacet
  facet normal -0.0979245 0.995194 0
    outer loop
      vertex 130.312 30.9307 0
      vertex 130 30.9 4
      vertex 130.312 30.9307 4
    endloop
  endfacet
  facet normal -0.0979245 0.995194 0
    outer loop
      vertex 130 30.9 4
      vertex 130.312 30.9307 0
      vertex 130 30.9 0
    endloop
  endfacet
  facet normal -0.470754 -0.882265 0
    outer loop
      vertex 130.612 88.9782 0
      vertex 130.889 88.8304 4
      vertex 130.612 88.9782 4
    endloop
  endfacet
  facet normal -0.470754 -0.882265 -0
    outer loop
      vertex 130.889 88.8304 4
      vertex 130.612 88.9782 0
      vertex 130.889 88.8304 0
    endloop
  endfacet
  facet normal -0.995103 0.0988408 0
    outer loop
      vertex 131.569 87.1879 0
      vertex 131.6 87.5 4
      vertex 131.6 87.5 0
    endloop
  endfacet
  facet normal -0.995103 0.0988408 0
    outer loop
      vertex 131.6 87.5 4
      vertex 131.569 87.1879 0
      vertex 131.569 87.1879 4
    endloop
  endfacet
  facet normal 0.0979245 0.995194 -0
    outer loop
      vertex 130 85.9 0
      vertex 129.688 85.9307 4
      vertex 130 85.9 4
    endloop
  endfacet
  facet normal 0.0979245 0.995194 0
    outer loop
      vertex 129.688 85.9307 4
      vertex 130 85.9 0
      vertex 129.688 85.9307 0
    endloop
  endfacet
  facet normal 0.470754 -0.882265 0
    outer loop
      vertex 129.111 88.8304 0
      vertex 129.388 88.9782 4
      vertex 129.111 88.8304 4
    endloop
  endfacet
  facet normal 0.470754 -0.882265 0
    outer loop
      vertex 129.388 88.9782 4
      vertex 129.111 88.8304 0
      vertex 129.388 88.9782 0
    endloop
  endfacet
  facet normal 0.956998 -0.290096 0
    outer loop
      vertex 128.431 87.8121 4
      vertex 128.522 88.1123 0
      vertex 128.522 88.1123 4
    endloop
  endfacet
  facet normal 0.956998 -0.290096 0
    outer loop
      vertex 128.522 88.1123 0
      vertex 128.431 87.8121 4
      vertex 128.431 87.8121 0
    endloop
  endfacet
  facet normal 0.773033 0.634365 0
    outer loop
      vertex 128.869 86.3686 4
      vertex 128.67 86.6111 0
      vertex 128.67 86.6111 4
    endloop
  endfacet
  facet normal 0.773033 0.634365 0
    outer loop
      vertex 128.67 86.6111 0
      vertex 128.869 86.3686 4
      vertex 128.869 86.3686 0
    endloop
  endfacet
  facet normal -0.956998 -0.290096 0
    outer loop
      vertex 131.569 87.8121 0
      vertex 131.478 88.1123 4
      vertex 131.478 88.1123 0
    endloop
  endfacet
  facet normal -0.956998 -0.290096 0
    outer loop
      vertex 131.478 88.1123 4
      vertex 131.569 87.8121 0
      vertex 131.569 87.8121 4
    endloop
  endfacet
  facet normal -0.881717 -0.471779 0
    outer loop
      vertex 131.478 88.1123 0
      vertex 131.33 88.3889 4
      vertex 131.33 88.3889 0
    endloop
  endfacet
  facet normal -0.881717 -0.471779 0
    outer loop
      vertex 131.33 88.3889 4
      vertex 131.478 88.1123 0
      vertex 131.478 88.1123 4
    endloop
  endfacet
  facet normal -0.773033 -0.634365 0
    outer loop
      vertex 131.33 88.3889 0
      vertex 131.131 88.6314 4
      vertex 131.131 88.6314 0
    endloop
  endfacet
  facet normal -0.773033 -0.634365 0
    outer loop
      vertex 131.131 88.6314 4
      vertex 131.33 88.3889 0
      vertex 131.33 88.3889 4
    endloop
  endfacet
  facet normal -0.635148 -0.772391 0
    outer loop
      vertex 130.889 88.8304 0
      vertex 131.131 88.6314 4
      vertex 130.889 88.8304 4
    endloop
  endfacet
  facet normal -0.635148 -0.772391 -0
    outer loop
      vertex 131.131 88.6314 4
      vertex 130.889 88.8304 0
      vertex 131.131 88.6314 0
    endloop
  endfacet
  facet normal -0.290565 -0.956855 0
    outer loop
      vertex 130.312 89.0693 0
      vertex 130.612 88.9782 4
      vertex 130.312 89.0693 4
    endloop
  endfacet
  facet normal -0.290565 -0.956855 -0
    outer loop
      vertex 130.612 88.9782 4
      vertex 130.312 89.0693 0
      vertex 130.612 88.9782 0
    endloop
  endfacet
  facet normal 0.0979245 -0.995194 0
    outer loop
      vertex 129.688 89.0693 0
      vertex 130 89.1 4
      vertex 129.688 89.0693 4
    endloop
  endfacet
  facet normal 0.0979245 -0.995194 0
    outer loop
      vertex 130 89.1 4
      vertex 129.688 89.0693 0
      vertex 130 89.1 0
    endloop
  endfacet
  facet normal -0.0979245 -0.995194 0
    outer loop
      vertex 130 89.1 0
      vertex 130.312 89.0693 4
      vertex 130 89.1 4
    endloop
  endfacet
  facet normal -0.0979245 -0.995194 -0
    outer loop
      vertex 130.312 89.0693 4
      vertex 130 89.1 0
      vertex 130.312 89.0693 0
    endloop
  endfacet
  facet normal 0.995103 0.0988408 0
    outer loop
      vertex 128.431 87.1879 4
      vertex 128.4 87.5 0
      vertex 128.4 87.5 4
    endloop
  endfacet
  facet normal 0.995103 0.0988408 0
    outer loop
      vertex 128.4 87.5 0
      vertex 128.431 87.1879 4
      vertex 128.431 87.1879 0
    endloop
  endfacet
  facet normal 0.881717 -0.471779 0
    outer loop
      vertex 128.522 88.1123 4
      vertex 128.67 88.3889 0
      vertex 128.67 88.3889 4
    endloop
  endfacet
  facet normal 0.881717 -0.471779 0
    outer loop
      vertex 128.67 88.3889 0
      vertex 128.522 88.1123 4
      vertex 128.522 88.1123 0
    endloop
  endfacet
  facet normal 0.635148 -0.772391 0
    outer loop
      vertex 128.869 88.6314 0
      vertex 129.111 88.8304 4
      vertex 128.869 88.6314 4
    endloop
  endfacet
  facet normal 0.635148 -0.772391 0
    outer loop
      vertex 129.111 88.8304 4
      vertex 128.869 88.6314 0
      vertex 129.111 88.8304 0
    endloop
  endfacet
  facet normal 0.290565 -0.956855 0
    outer loop
      vertex 129.388 88.9782 0
      vertex 129.688 89.0693 4
      vertex 129.388 88.9782 4
    endloop
  endfacet
  facet normal 0.290565 -0.956855 0
    outer loop
      vertex 129.688 89.0693 4
      vertex 129.388 88.9782 0
      vertex 129.688 89.0693 0
    endloop
  endfacet
  facet normal 0.773033 -0.634365 0
    outer loop
      vertex 128.67 88.3889 4
      vertex 128.869 88.6314 0
      vertex 128.869 88.6314 4
    endloop
  endfacet
  facet normal 0.773033 -0.634365 0
    outer loop
      vertex 128.869 88.6314 0
      vertex 128.67 88.3889 4
      vertex 128.67 88.3889 0
    endloop
  endfacet
  facet normal -0.995103 -0.0988408 0
    outer loop
      vertex 131.6 87.5 0
      vertex 131.569 87.8121 4
      vertex 131.569 87.8121 0
    endloop
  endfacet
  facet normal -0.995103 -0.0988408 0
    outer loop
      vertex 131.569 87.8121 4
      vertex 131.6 87.5 0
      vertex 131.6 87.5 4
    endloop
  endfacet
  facet normal -0.290565 0.956855 0
    outer loop
      vertex 130.612 86.0218 0
      vertex 130.312 85.9307 4
      vertex 130.612 86.0218 4
    endloop
  endfacet
  facet normal -0.290565 0.956855 0
    outer loop
      vertex 130.312 85.9307 4
      vertex 130.612 86.0218 0
      vertex 130.312 85.9307 0
    endloop
  endfacet
  facet normal -0.470754 0.882265 0
    outer loop
      vertex 130.889 86.1696 0
      vertex 130.612 86.0218 4
      vertex 130.889 86.1696 4
    endloop
  endfacet
  facet normal -0.470754 0.882265 0
    outer loop
      vertex 130.612 86.0218 4
      vertex 130.889 86.1696 0
      vertex 130.612 86.0218 0
    endloop
  endfacet
  facet normal -0.635148 0.772391 0
    outer loop
      vertex 131.131 86.3686 0
      vertex 130.889 86.1696 4
      vertex 131.131 86.3686 4
    endloop
  endfacet
  facet normal -0.635148 0.772391 0
    outer loop
      vertex 130.889 86.1696 4
      vertex 131.131 86.3686 0
      vertex 130.889 86.1696 0
    endloop
  endfacet
  facet normal -0.881717 0.471779 0
    outer loop
      vertex 131.33 86.6111 0
      vertex 131.478 86.8877 4
      vertex 131.478 86.8877 0
    endloop
  endfacet
  facet normal -0.881717 0.471779 0
    outer loop
      vertex 131.478 86.8877 4
      vertex 131.33 86.6111 0
      vertex 131.33 86.6111 4
    endloop
  endfacet
  facet normal 0.470754 0.882265 -0
    outer loop
      vertex 129.388 86.0218 0
      vertex 129.111 86.1696 4
      vertex 129.388 86.0218 4
    endloop
  endfacet
  facet normal 0.470754 0.882265 0
    outer loop
      vertex 129.111 86.1696 4
      vertex 129.388 86.0218 0
      vertex 129.111 86.1696 0
    endloop
  endfacet
  facet normal 0.290565 0.956855 -0
    outer loop
      vertex 129.688 85.9307 0
      vertex 129.388 86.0218 4
      vertex 129.688 85.9307 4
    endloop
  endfacet
  facet normal 0.290565 0.956855 0
    outer loop
      vertex 129.388 86.0218 4
      vertex 129.688 85.9307 0
      vertex 129.388 86.0218 0
    endloop
  endfacet
  facet normal 0.956998 0.290096 0
    outer loop
      vertex 128.522 86.8877 4
      vertex 128.431 87.1879 0
      vertex 128.431 87.1879 4
    endloop
  endfacet
  facet normal 0.956998 0.290096 0
    outer loop
      vertex 128.431 87.1879 0
      vertex 128.522 86.8877 4
      vertex 128.522 86.8877 0
    endloop
  endfacet
  facet normal 0.995103 -0.0988408 0
    outer loop
      vertex 128.4 87.5 4
      vertex 128.431 87.8121 0
      vertex 128.431 87.8121 4
    endloop
  endfacet
  facet normal 0.995103 -0.0988408 0
    outer loop
      vertex 128.431 87.8121 0
      vertex 128.4 87.5 4
      vertex 128.4 87.5 0
    endloop
  endfacet
  facet normal -0.773033 0.634365 0
    outer loop
      vertex 131.131 86.3686 0
      vertex 131.33 86.6111 4
      vertex 131.33 86.6111 0
    endloop
  endfacet
  facet normal -0.773033 0.634365 0
    outer loop
      vertex 131.33 86.6111 4
      vertex 131.131 86.3686 0
      vertex 131.131 86.3686 4
    endloop
  endfacet
  facet normal -0.956998 0.290096 0
    outer loop
      vertex 131.478 86.8877 0
      vertex 131.569 87.1879 4
      vertex 131.569 87.1879 0
    endloop
  endfacet
  facet normal -0.956998 0.290096 0
    outer loop
      vertex 131.569 87.1879 4
      vertex 131.478 86.8877 0
      vertex 131.478 86.8877 4
    endloop
  endfacet
  facet normal -0.0979245 0.995194 0
    outer loop
      vertex 130.312 85.9307 0
      vertex 130 85.9 4
      vertex 130.312 85.9307 4
    endloop
  endfacet
  facet normal -0.0979245 0.995194 0
    outer loop
      vertex 130 85.9 4
      vertex 130.312 85.9307 0
      vertex 130 85.9 0
    endloop
  endfacet
  facet normal 0.881717 0.471779 0
    outer loop
      vertex 128.67 86.6111 4
      vertex 128.522 86.8877 0
      vertex 128.522 86.8877 4
    endloop
  endfacet
  facet normal 0.881717 0.471779 0
    outer loop
      vertex 128.522 86.8877 0
      vertex 128.67 86.6111 4
      vertex 128.67 86.6111 0
    endloop
  endfacet
  facet normal 0.635148 0.772391 -0
    outer loop
      vertex 129.111 86.1696 0
      vertex 128.869 86.3686 4
      vertex 129.111 86.1696 4
    endloop
  endfacet
  facet normal 0.635148 0.772391 0
    outer loop
      vertex 128.869 86.3686 4
      vertex 129.111 86.1696 0
      vertex 128.869 86.3686 0
    endloop
  endfacet
  facet normal 0.923755 -0.382983 0
    outer loop
      vertex 155.085 30.647 4
      vertex 155.335 31.25 0
      vertex 155.335 31.25 4
    endloop
  endfacet
  facet normal 0.923755 -0.382983 0
    outer loop
      vertex 155.335 31.25 0
      vertex 155.085 30.647 4
      vertex 155.085 30.647 0
    endloop
  endfacet
  facet normal 0.99148 -0.130256 0
    outer loop
      vertex 155 30 4
      vertex 155.085 30.647 0
      vertex 155.085 30.647 4
    endloop
  endfacet
  facet normal 0.99148 -0.130256 0
    outer loop
      vertex 155.085 30.647 0
      vertex 155 30 4
      vertex 155 30 0
    endloop
  endfacet
  facet normal 0.99148 0.130256 0
    outer loop
      vertex 155.085 29.353 4
      vertex 155 30 0
      vertex 155 30 4
    endloop
  endfacet
  facet normal 0.99148 0.130256 0
    outer loop
      vertex 155 30 0
      vertex 155.085 29.353 4
      vertex 155.085 29.353 0
    endloop
  endfacet
  facet normal -0.130558 -0.991441 0
    outer loop
      vertex 166.5 32.5 0
      vertex 167.147 32.4148 4
      vertex 166.5 32.5 4
    endloop
  endfacet
  facet normal -0.130558 -0.991441 -0
    outer loop
      vertex 167.147 32.4148 4
      vertex 166.5 32.5 0
      vertex 167.147 32.4148 0
    endloop
  endfacet
  facet normal 0.130558 -0.991441 0
    outer loop
      vertex 156.853 32.4148 0
      vertex 157.5 32.5 4
      vertex 156.853 32.4148 4
    endloop
  endfacet
  facet normal 0.130558 -0.991441 0
    outer loop
      vertex 157.5 32.5 4
      vertex 156.853 32.4148 0
      vertex 157.5 32.5 0
    endloop
  endfacet
  facet normal -0.130558 0.991441 0
    outer loop
      vertex 167.147 27.5852 0
      vertex 166.5 27.5 4
      vertex 167.147 27.5852 4
    endloop
  endfacet
  facet normal -0.130558 0.991441 0
    outer loop
      vertex 166.5 27.5 4
      vertex 167.147 27.5852 0
      vertex 166.5 27.5 0
    endloop
  endfacet
  facet normal -0.99148 0.130256 0
    outer loop
      vertex 168.915 29.353 0
      vertex 169 30 4
      vertex 169 30 0
    endloop
  endfacet
  facet normal -0.99148 0.130256 0
    outer loop
      vertex 169 30 4
      vertex 168.915 29.353 0
      vertex 168.915 29.353 4
    endloop
  endfacet
  facet normal -0.793592 -0.608451 0
    outer loop
      vertex 168.665 31.25 0
      vertex 168.268 31.7678 4
      vertex 168.268 31.7678 0
    endloop
  endfacet
  facet normal -0.793592 -0.608451 0
    outer loop
      vertex 168.268 31.7678 4
      vertex 168.665 31.25 0
      vertex 168.665 31.25 4
    endloop
  endfacet
  facet normal -0.608592 -0.793483 0
    outer loop
      vertex 167.75 32.1651 0
      vertex 168.268 31.7678 4
      vertex 167.75 32.1651 4
    endloop
  endfacet
  facet normal -0.608592 -0.793483 -0
    outer loop
      vertex 168.268 31.7678 4
      vertex 167.75 32.1651 0
      vertex 168.268 31.7678 0
    endloop
  endfacet
  facet normal 0 -1 0
    outer loop
      vertex 157.5 32.5 0
      vertex 166.5 32.5 4
      vertex 157.5 32.5 4
    endloop
  endfacet
  facet normal 0 -1 -0
    outer loop
      vertex 166.5 32.5 4
      vertex 157.5 32.5 0
      vertex 166.5 32.5 0
    endloop
  endfacet
  facet normal 0.608592 -0.793483 0
    outer loop
      vertex 155.732 31.7678 0
      vertex 156.25 32.1651 4
      vertex 155.732 31.7678 4
    endloop
  endfacet
  facet normal 0.608592 -0.793483 0
    outer loop
      vertex 156.25 32.1651 4
      vertex 155.732 31.7678 0
      vertex 156.25 32.1651 0
    endloop
  endfacet
  facet normal -0.793592 0.608451 0
    outer loop
      vertex 168.268 28.2322 0
      vertex 168.665 28.75 4
      vertex 168.665 28.75 0
    endloop
  endfacet
  facet normal -0.793592 0.608451 0
    outer loop
      vertex 168.665 28.75 4
      vertex 168.268 28.2322 0
      vertex 168.268 28.2322 4
    endloop
  endfacet
  facet normal 0.130558 0.991441 -0
    outer loop
      vertex 157.5 27.5 0
      vertex 156.853 27.5852 4
      vertex 157.5 27.5 4
    endloop
  endfacet
  facet normal 0.130558 0.991441 0
    outer loop
      vertex 156.853 27.5852 4
      vertex 157.5 27.5 0
      vertex 156.853 27.5852 0
    endloop
  endfacet
  facet normal 0 1 -0
    outer loop
      vertex 166.5 27.5 0
      vertex 157.5 27.5 4
      vertex 166.5 27.5 4
    endloop
  endfacet
  facet normal 0 1 0
    outer loop
      vertex 157.5 27.5 4
      vertex 166.5 27.5 0
      vertex 157.5 27.5 0
    endloop
  endfacet
  facet normal -0.923755 -0.382983 0
    outer loop
      vertex 168.915 30.647 0
      vertex 168.665 31.25 4
      vertex 168.665 31.25 0
    endloop
  endfacet
  facet normal -0.923755 -0.382983 0
    outer loop
      vertex 168.665 31.25 4
      vertex 168.915 30.647 0
      vertex 168.915 30.647 4
    endloop
  endfacet
  facet normal -0.99148 -0.130256 0
    outer loop
      vertex 169 30 0
      vertex 168.915 30.647 4
      vertex 168.915 30.647 0
    endloop
  endfacet
  facet normal -0.99148 -0.130256 0
    outer loop
      vertex 168.915 30.647 4
      vertex 169 30 0
      vertex 169 30 4
    endloop
  endfacet
  facet normal -0.382591 -0.923918 0
    outer loop
      vertex 167.147 32.4148 0
      vertex 167.75 32.1651 4
      vertex 167.147 32.4148 4
    endloop
  endfacet
  facet normal -0.382591 -0.923918 -0
    outer loop
      vertex 167.75 32.1651 4
      vertex 167.147 32.4148 0
      vertex 167.75 32.1651 0
    endloop
  endfacet
  facet normal 0.382591 -0.923918 0
    outer loop
      vertex 156.25 32.1651 0
      vertex 156.853 32.4148 4
      vertex 156.25 32.1651 4
    endloop
  endfacet
  facet normal 0.382591 -0.923918 0
    outer loop
      vertex 156.853 32.4148 4
      vertex 156.25 32.1651 0
      vertex 156.853 32.4148 0
    endloop
  endfacet
  facet normal 0.793592 -0.608451 0
    outer loop
      vertex 155.335 31.25 4
      vertex 155.732 31.7678 0
      vertex 155.732 31.7678 4
    endloop
  endfacet
  facet normal 0.793592 -0.608451 0
    outer loop
      vertex 155.732 31.7678 0
      vertex 155.335 31.25 4
      vertex 155.335 31.25 0
    endloop
  endfacet
  facet normal -0.608592 0.793483 0
    outer loop
      vertex 168.268 28.2322 0
      vertex 167.75 27.8349 4
      vertex 168.268 28.2322 4
    endloop
  endfacet
  facet normal -0.608592 0.793483 0
    outer loop
      vertex 167.75 27.8349 4
      vertex 168.268 28.2322 0
      vertex 167.75 27.8349 0
    endloop
  endfacet
  facet normal -0.382591 0.923918 0
    outer loop
      vertex 167.75 27.8349 0
      vertex 167.147 27.5852 4
      vertex 167.75 27.8349 4
    endloop
  endfacet
  facet normal -0.382591 0.923918 0
    outer loop
      vertex 167.147 27.5852 4
      vertex 167.75 27.8349 0
      vertex 167.147 27.5852 0
    endloop
  endfacet
  facet normal 0.608592 0.793483 -0
    outer loop
      vertex 156.25 27.8349 0
      vertex 155.732 28.2322 4
      vertex 156.25 27.8349 4
    endloop
  endfacet
  facet normal 0.608592 0.793483 0
    outer loop
      vertex 155.732 28.2322 4
      vertex 156.25 27.8349 0
      vertex 155.732 28.2322 0
    endloop
  endfacet
  facet normal 0.382591 0.923918 -0
    outer loop
      vertex 156.853 27.5852 0
      vertex 156.25 27.8349 4
      vertex 156.853 27.5852 4
    endloop
  endfacet
  facet normal 0.382591 0.923918 0
    outer loop
      vertex 156.25 27.8349 4
      vertex 156.853 27.5852 0
      vertex 156.25 27.8349 0
    endloop
  endfacet
  facet normal -0.923755 0.382983 0
    outer loop
      vertex 168.665 28.75 0
      vertex 168.915 29.353 4
      vertex 168.915 29.353 0
    endloop
  endfacet
  facet normal -0.923755 0.382983 0
    outer loop
      vertex 168.915 29.353 4
      vertex 168.665 28.75 0
      vertex 168.665 28.75 4
    endloop
  endfacet
  facet normal 0.923755 0.382983 0
    outer loop
      vertex 155.335 28.75 4
      vertex 155.085 29.353 0
      vertex 155.085 29.353 4
    endloop
  endfacet
  facet normal 0.923755 0.382983 0
    outer loop
      vertex 155.085 29.353 0
      vertex 155.335 28.75 4
      vertex 155.335 28.75 0
    endloop
  endfacet
  facet normal 0.793592 0.608451 0
    outer loop
      vertex 155.732 28.2322 4
      vertex 155.335 28.75 0
      vertex 155.335 28.75 4
    endloop
  endfacet
  facet normal 0.793592 0.608451 0
    outer loop
      vertex 155.335 28.75 0
      vertex 155.732 28.2322 4
      vertex 155.732 28.2322 0
    endloop
  endfacet
  facet normal 0.923755 -0.382983 0
    outer loop
      vertex 155.085 50.647 4
      vertex 155.335 51.25 0
      vertex 155.335 51.25 4
    endloop
  endfacet
  facet normal 0.923755 -0.382983 0
    outer loop
      vertex 155.335 51.25 0
      vertex 155.085 50.647 4
      vertex 155.085 50.647 0
    endloop
  endfacet
  facet normal 0.99148 -0.130256 0
    outer loop
      vertex 155 50 4
      vertex 155.085 50.647 0
      vertex 155.085 50.647 4
    endloop
  endfacet
  facet normal 0.99148 -0.130256 0
    outer loop
      vertex 155.085 50.647 0
      vertex 155 50 4
      vertex 155 50 0
    endloop
  endfacet
  facet normal 0.99148 0.130256 0
    outer loop
      vertex 155.085 49.353 4
      vertex 155 50 0
      vertex 155 50 4
    endloop
  endfacet
  facet normal 0.99148 0.130256 0
    outer loop
      vertex 155 50 0
      vertex 155.085 49.353 4
      vertex 155.085 49.353 0
    endloop
  endfacet
  facet normal -0.130558 -0.991441 0
    outer loop
      vertex 166.5 52.5 0
      vertex 167.147 52.4148 4
      vertex 166.5 52.5 4
    endloop
  endfacet
  facet normal -0.130558 -0.991441 -0
    outer loop
      vertex 167.147 52.4148 4
      vertex 166.5 52.5 0
      vertex 167.147 52.4148 0
    endloop
  endfacet
  facet normal 0.130558 -0.991441 0
    outer loop
      vertex 156.853 52.4148 0
      vertex 157.5 52.5 4
      vertex 156.853 52.4148 4
    endloop
  endfacet
  facet normal 0.130558 -0.991441 0
    outer loop
      vertex 157.5 52.5 4
      vertex 156.853 52.4148 0
      vertex 157.5 52.5 0
    endloop
  endfacet
  facet normal -0.130558 0.991441 0
    outer loop
      vertex 167.147 47.5852 0
      vertex 166.5 47.5 4
      vertex 167.147 47.5852 4
    endloop
  endfacet
  facet normal -0.130558 0.991441 0
    outer loop
      vertex 166.5 47.5 4
      vertex 167.147 47.5852 0
      vertex 166.5 47.5 0
    endloop
  endfacet
  facet normal -0.99148 0.130256 0
    outer loop
      vertex 168.915 49.353 0
      vertex 169 50 4
      vertex 169 50 0
    endloop
  endfacet
  facet normal -0.99148 0.130256 0
    outer loop
      vertex 169 50 4
      vertex 168.915 49.353 0
      vertex 168.915 49.353 4
    endloop
  endfacet
  facet normal -0.793592 -0.608451 0
    outer loop
      vertex 168.665 51.25 0
      vertex 168.268 51.7678 4
      vertex 168.268 51.7678 0
    endloop
  endfacet
  facet normal -0.793592 -0.608451 0
    outer loop
      vertex 168.268 51.7678 4
      vertex 168.665 51.25 0
      vertex 168.665 51.25 4
    endloop
  endfacet
  facet normal -0.608592 -0.793483 0
    outer loop
      vertex 167.75 52.1651 0
      vertex 168.268 51.7678 4
      vertex 167.75 52.1651 4
    endloop
  endfacet
  facet normal -0.608592 -0.793483 -0
    outer loop
      vertex 168.268 51.7678 4
      vertex 167.75 52.1651 0
      vertex 168.268 51.7678 0
    endloop
  endfacet
  facet normal 0 -1 0
    outer loop
      vertex 157.5 52.5 0
      vertex 166.5 52.5 4
      vertex 157.5 52.5 4
    endloop
  endfacet
  facet normal 0 -1 -0
    outer loop
      vertex 166.5 52.5 4
      vertex 157.5 52.5 0
      vertex 166.5 52.5 0
    endloop
  endfacet
  facet normal 0.608592 -0.793483 0
    outer loop
      vertex 155.732 51.7678 0
      vertex 156.25 52.1651 4
      vertex 155.732 51.7678 4
    endloop
  endfacet
  facet normal 0.608592 -0.793483 0
    outer loop
      vertex 156.25 52.1651 4
      vertex 155.732 51.7678 0
      vertex 156.25 52.1651 0
    endloop
  endfacet
  facet normal -0.793592 0.608451 0
    outer loop
      vertex 168.268 48.2322 0
      vertex 168.665 48.75 4
      vertex 168.665 48.75 0
    endloop
  endfacet
  facet normal -0.793592 0.608451 0
    outer loop
      vertex 168.665 48.75 4
      vertex 168.268 48.2322 0
      vertex 168.268 48.2322 4
    endloop
  endfacet
  facet normal 0.130558 0.991441 -0
    outer loop
      vertex 157.5 47.5 0
      vertex 156.853 47.5852 4
      vertex 157.5 47.5 4
    endloop
  endfacet
  facet normal 0.130558 0.991441 0
    outer loop
      vertex 156.853 47.5852 4
      vertex 157.5 47.5 0
      vertex 156.853 47.5852 0
    endloop
  endfacet
  facet normal 0 1 -0
    outer loop
      vertex 166.5 47.5 0
      vertex 157.5 47.5 4
      vertex 166.5 47.5 4
    endloop
  endfacet
  facet normal 0 1 0
    outer loop
      vertex 157.5 47.5 4
      vertex 166.5 47.5 0
      vertex 157.5 47.5 0
    endloop
  endfacet
  facet normal -0.923755 -0.382983 0
    outer loop
      vertex 168.915 50.647 0
      vertex 168.665 51.25 4
      vertex 168.665 51.25 0
    endloop
  endfacet
  facet normal -0.923755 -0.382983 0
    outer loop
      vertex 168.665 51.25 4
      vertex 168.915 50.647 0
      vertex 168.915 50.647 4
    endloop
  endfacet
  facet normal -0.99148 -0.130256 0
    outer loop
      vertex 169 50 0
      vertex 168.915 50.647 4
      vertex 168.915 50.647 0
    endloop
  endfacet
  facet normal -0.99148 -0.130256 0
    outer loop
      vertex 168.915 50.647 4
      vertex 169 50 0
      vertex 169 50 4
    endloop
  endfacet
  facet normal -0.382591 -0.923918 0
    outer loop
      vertex 167.147 52.4148 0
      vertex 167.75 52.1651 4
      vertex 167.147 52.4148 4
    endloop
  endfacet
  facet normal -0.382591 -0.923918 -0
    outer loop
      vertex 167.75 52.1651 4
      vertex 167.147 52.4148 0
      vertex 167.75 52.1651 0
    endloop
  endfacet
  facet normal 0.382591 -0.923918 0
    outer loop
      vertex 156.25 52.1651 0
      vertex 156.853 52.4148 4
      vertex 156.25 52.1651 4
    endloop
  endfacet
  facet normal 0.382591 -0.923918 0
    outer loop
      vertex 156.853 52.4148 4
      vertex 156.25 52.1651 0
      vertex 156.853 52.4148 0
    endloop
  endfacet
  facet normal 0.793592 -0.608451 0
    outer loop
      vertex 155.335 51.25 4
      vertex 155.732 51.7678 0
      vertex 155.732 51.7678 4
    endloop
  endfacet
  facet normal 0.793592 -0.608451 0
    outer loop
      vertex 155.732 51.7678 0
      vertex 155.335 51.25 4
      vertex 155.335 51.25 0
    endloop
  endfacet
  facet normal -0.608592 0.793483 0
    outer loop
      vertex 168.268 48.2322 0
      vertex 167.75 47.8349 4
      vertex 168.268 48.2322 4
    endloop
  endfacet
  facet normal -0.608592 0.793483 0
    outer loop
      vertex 167.75 47.8349 4
      vertex 168.268 48.2322 0
      vertex 167.75 47.8349 0
    endloop
  endfacet
  facet normal -0.382591 0.923918 0
    outer loop
      vertex 167.75 47.8349 0
      vertex 167.147 47.5852 4
      vertex 167.75 47.8349 4
    endloop
  endfacet
  facet normal -0.382591 0.923918 0
    outer loop
      vertex 167.147 47.5852 4
      vertex 167.75 47.8349 0
      vertex 167.147 47.5852 0
    endloop
  endfacet
  facet normal 0.608592 0.793483 -0
    outer loop
      vertex 156.25 47.8349 0
      vertex 155.732 48.2322 4
      vertex 156.25 47.8349 4
    endloop
  endfacet
  facet normal 0.608592 0.793483 0
    outer loop
      vertex 155.732 48.2322 4
      vertex 156.25 47.8349 0
      vertex 155.732 48.2322 0
    endloop
  endfacet
  facet normal 0.382591 0.923918 -0
    outer loop
      vertex 156.853 47.5852 0
      vertex 156.25 47.8349 4
      vertex 156.853 47.5852 4
    endloop
  endfacet
  facet normal 0.382591 0.923918 0
    outer loop
      vertex 156.25 47.8349 4
      vertex 156.853 47.5852 0
      vertex 156.25 47.8349 0
    endloop
  endfacet
  facet normal -0.923755 0.382983 0
    outer loop
      vertex 168.665 48.75 0
      vertex 168.915 49.353 4
      vertex 168.915 49.353 0
    endloop
  endfacet
  facet normal -0.923755 0.382983 0
    outer loop
      vertex 168.915 49.353 4
      vertex 168.665 48.75 0
      vertex 168.665 48.75 4
    endloop
  endfacet
  facet normal 0.793592 0.608451 0
    outer loop
      vertex 155.732 48.2322 4
      vertex 155.335 48.75 0
      vertex 155.335 48.75 4
    endloop
  endfacet
  facet normal 0.793592 0.608451 0
    outer loop
      vertex 155.335 48.75 0
      vertex 155.732 48.2322 4
      vertex 155.732 48.2322 0
    endloop
  endfacet
  facet normal 0.923755 0.382983 0
    outer loop
      vertex 155.335 48.75 4
      vertex 155.085 49.353 0
      vertex 155.085 49.353 4
    endloop
  endfacet
  facet normal 0.923755 0.382983 0
    outer loop
      vertex 155.085 49.353 0
      vertex 155.335 48.75 4
      vertex 155.335 48.75 0
    endloop
  endfacet
  facet normal 0.923755 -0.382983 0
    outer loop
      vertex 155.085 70.647 4
      vertex 155.335 71.25 0
      vertex 155.335 71.25 4
    endloop
  endfacet
  facet normal 0.923755 -0.382983 0
    outer loop
      vertex 155.335 71.25 0
      vertex 155.085 70.647 4
      vertex 155.085 70.647 0
    endloop
  endfacet
  facet normal 0.99148 -0.130256 0
    outer loop
      vertex 155 70 4
      vertex 155.085 70.647 0
      vertex 155.085 70.647 4
    endloop
  endfacet
  facet normal 0.99148 -0.130256 0
    outer loop
      vertex 155.085 70.647 0
      vertex 155 70 4
      vertex 155 70 0
    endloop
  endfacet
  facet normal 0.99148 0.130256 0
    outer loop
      vertex 155.085 69.353 4
      vertex 155 70 0
      vertex 155 70 4
    endloop
  endfacet
  facet normal 0.99148 0.130256 0
    outer loop
      vertex 155 70 0
      vertex 155.085 69.353 4
      vertex 155.085 69.353 0
    endloop
  endfacet
  facet normal -0.130558 -0.991441 0
    outer loop
      vertex 166.5 72.5 0
      vertex 167.147 72.4148 4
      vertex 166.5 72.5 4
    endloop
  endfacet
  facet normal -0.130558 -0.991441 -0
    outer loop
      vertex 167.147 72.4148 4
      vertex 166.5 72.5 0
      vertex 167.147 72.4148 0
    endloop
  endfacet
  facet normal 0.130558 -0.991441 0
    outer loop
      vertex 156.853 72.4148 0
      vertex 157.5 72.5 4
      vertex 156.853 72.4148 4
    endloop
  endfacet
  facet normal 0.130558 -0.991441 0
    outer loop
      vertex 157.5 72.5 4
      vertex 156.853 72.4148 0
      vertex 157.5 72.5 0
    endloop
  endfacet
  facet normal -0.130558 0.991441 0
    outer loop
      vertex 167.147 67.5852 0
      vertex 166.5 67.5 4
      vertex 167.147 67.5852 4
    endloop
  endfacet
  facet normal -0.130558 0.991441 0
    outer loop
      vertex 166.5 67.5 4
      vertex 167.147 67.5852 0
      vertex 166.5 67.5 0
    endloop
  endfacet
  facet normal -0.99148 0.130256 0
    outer loop
      vertex 168.915 69.353 0
      vertex 169 70 4
      vertex 169 70 0
    endloop
  endfacet
  facet normal -0.99148 0.130256 0
    outer loop
      vertex 169 70 4
      vertex 168.915 69.353 0
      vertex 168.915 69.353 4
    endloop
  endfacet
  facet normal -0.793592 -0.608451 0
    outer loop
      vertex 168.665 71.25 0
      vertex 168.268 71.7678 4
      vertex 168.268 71.7678 0
    endloop
  endfacet
  facet normal -0.793592 -0.608451 0
    outer loop
      vertex 168.268 71.7678 4
      vertex 168.665 71.25 0
      vertex 168.665 71.25 4
    endloop
  endfacet
  facet normal -0.608592 -0.793483 0
    outer loop
      vertex 167.75 72.1651 0
      vertex 168.268 71.7678 4
      vertex 167.75 72.1651 4
    endloop
  endfacet
  facet normal -0.608592 -0.793483 -0
    outer loop
      vertex 168.268 71.7678 4
      vertex 167.75 72.1651 0
      vertex 168.268 71.7678 0
    endloop
  endfacet
  facet normal 0 -1 0
    outer loop
      vertex 157.5 72.5 0
      vertex 166.5 72.5 4
      vertex 157.5 72.5 4
    endloop
  endfacet
  facet normal 0 -1 -0
    outer loop
      vertex 166.5 72.5 4
      vertex 157.5 72.5 0
      vertex 166.5 72.5 0
    endloop
  endfacet
  facet normal 0.608592 -0.793483 0
    outer loop
      vertex 155.732 71.7678 0
      vertex 156.25 72.1651 4
      vertex 155.732 71.7678 4
    endloop
  endfacet
  facet normal 0.608592 -0.793483 0
    outer loop
      vertex 156.25 72.1651 4
      vertex 155.732 71.7678 0
      vertex 156.25 72.1651 0
    endloop
  endfacet
  facet normal -0.793592 0.608451 0
    outer loop
      vertex 168.268 68.2322 0
      vertex 168.665 68.75 4
      vertex 168.665 68.75 0
    endloop
  endfacet
  facet normal -0.793592 0.608451 0
    outer loop
      vertex 168.665 68.75 4
      vertex 168.268 68.2322 0
      vertex 168.268 68.2322 4
    endloop
  endfacet
  facet normal 0.130558 0.991441 -0
    outer loop
      vertex 157.5 67.5 0
      vertex 156.853 67.5852 4
      vertex 157.5 67.5 4
    endloop
  endfacet
  facet normal 0.130558 0.991441 0
    outer loop
      vertex 156.853 67.5852 4
      vertex 157.5 67.5 0
      vertex 156.853 67.5852 0
    endloop
  endfacet
  facet normal 0 1 -0
    outer loop
      vertex 166.5 67.5 0
      vertex 157.5 67.5 4
      vertex 166.5 67.5 4
    endloop
  endfacet
  facet normal 0 1 0
    outer loop
      vertex 157.5 67.5 4
      vertex 166.5 67.5 0
      vertex 157.5 67.5 0
    endloop
  endfacet
  facet normal -0.923755 -0.382983 0
    outer loop
      vertex 168.915 70.647 0
      vertex 168.665 71.25 4
      vertex 168.665 71.25 0
    endloop
  endfacet
  facet normal -0.923755 -0.382983 0
    outer loop
      vertex 168.665 71.25 4
      vertex 168.915 70.647 0
      vertex 168.915 70.647 4
    endloop
  endfacet
  facet normal -0.99148 -0.130256 0
    outer loop
      vertex 169 70 0
      vertex 168.915 70.647 4
      vertex 168.915 70.647 0
    endloop
  endfacet
  facet normal -0.99148 -0.130256 0
    outer loop
      vertex 168.915 70.647 4
      vertex 169 70 0
      vertex 169 70 4
    endloop
  endfacet
  facet normal -0.382591 -0.923918 0
    outer loop
      vertex 167.147 72.4148 0
      vertex 167.75 72.1651 4
      vertex 167.147 72.4148 4
    endloop
  endfacet
  facet normal -0.382591 -0.923918 -0
    outer loop
      vertex 167.75 72.1651 4
      vertex 167.147 72.4148 0
      vertex 167.75 72.1651 0
    endloop
  endfacet
  facet normal 0.382591 -0.923918 0
    outer loop
      vertex 156.25 72.1651 0
      vertex 156.853 72.4148 4
      vertex 156.25 72.1651 4
    endloop
  endfacet
  facet normal 0.382591 -0.923918 0
    outer loop
      vertex 156.853 72.4148 4
      vertex 156.25 72.1651 0
      vertex 156.853 72.4148 0
    endloop
  endfacet
  facet normal 0.793592 -0.608451 0
    outer loop
      vertex 155.335 71.25 4
      vertex 155.732 71.7678 0
      vertex 155.732 71.7678 4
    endloop
  endfacet
  facet normal 0.793592 -0.608451 0
    outer loop
      vertex 155.732 71.7678 0
      vertex 155.335 71.25 4
      vertex 155.335 71.25 0
    endloop
  endfacet
  facet normal -0.608592 0.793483 0
    outer loop
      vertex 168.268 68.2322 0
      vertex 167.75 67.8349 4
      vertex 168.268 68.2322 4
    endloop
  endfacet
  facet normal -0.608592 0.793483 0
    outer loop
      vertex 167.75 67.8349 4
      vertex 168.268 68.2322 0
      vertex 167.75 67.8349 0
    endloop
  endfacet
  facet normal -0.382591 0.923918 0
    outer loop
      vertex 167.75 67.8349 0
      vertex 167.147 67.5852 4
      vertex 167.75 67.8349 4
    endloop
  endfacet
  facet normal -0.382591 0.923918 0
    outer loop
      vertex 167.147 67.5852 4
      vertex 167.75 67.8349 0
      vertex 167.147 67.5852 0
    endloop
  endfacet
  facet normal 0.608592 0.793483 -0
    outer loop
      vertex 156.25 67.8349 0
      vertex 155.732 68.2322 4
      vertex 156.25 67.8349 4
    endloop
  endfacet
  facet normal 0.608592 0.793483 0
    outer loop
      vertex 155.732 68.2322 4
      vertex 156.25 67.8349 0
      vertex 155.732 68.2322 0
    endloop
  endfacet
  facet normal 0.382591 0.923918 -0
    outer loop
      vertex 156.853 67.5852 0
      vertex 156.25 67.8349 4
      vertex 156.853 67.5852 4
    endloop
  endfacet
  facet normal 0.382591 0.923918 0
    outer loop
      vertex 156.25 67.8349 4
      vertex 156.853 67.5852 0
      vertex 156.25 67.8349 0
    endloop
  endfacet
  facet normal -0.923755 0.382983 0
    outer loop
      vertex 168.665 68.75 0
      vertex 168.915 69.353 4
      vertex 168.915 69.353 0
    endloop
  endfacet
  facet normal -0.923755 0.382983 0
    outer loop
      vertex 168.915 69.353 4
      vertex 168.665 68.75 0
      vertex 168.665 68.75 4
    endloop
  endfacet
  facet normal 0.793592 0.608451 0
    outer loop
      vertex 155.732 68.2322 4
      vertex 155.335 68.75 0
      vertex 155.335 68.75 4
    endloop
  endfacet
  facet normal 0.793592 0.608451 0
    outer loop
      vertex 155.335 68.75 0
      vertex 155.732 68.2322 4
      vertex 155.732 68.2322 0
    endloop
  endfacet
  facet normal 0.923755 0.382983 0
    outer loop
      vertex 155.335 68.75 4
      vertex 155.085 69.353 0
      vertex 155.085 69.353 4
    endloop
  endfacet
  facet normal 0.923755 0.382983 0
    outer loop
      vertex 155.085 69.353 0
      vertex 155.335 68.75 4
      vertex 155.335 68.75 0
    endloop
  endfacet
  facet normal 0.923755 -0.382983 0
    outer loop
      vertex 155.085 90.647 4
      vertex 155.335 91.25 0
      vertex 155.335 91.25 4
    endloop
  endfacet
  facet normal 0.923755 -0.382983 0
    outer loop
      vertex 155.335 91.25 0
      vertex 155.085 90.647 4
      vertex 155.085 90.647 0
    endloop
  endfacet
  facet normal 0.99148 -0.130256 0
    outer loop
      vertex 155 90 4
      vertex 155.085 90.647 0
      vertex 155.085 90.647 4
    endloop
  endfacet
  facet normal 0.99148 -0.130256 0
    outer loop
      vertex 155.085 90.647 0
      vertex 155 90 4
      vertex 155 90 0
    endloop
  endfacet
  facet normal 0.99148 0.130256 0
    outer loop
      vertex 155.085 89.353 4
      vertex 155 90 0
      vertex 155 90 4
    endloop
  endfacet
  facet normal 0.99148 0.130256 0
    outer loop
      vertex 155 90 0
      vertex 155.085 89.353 4
      vertex 155.085 89.353 0
    endloop
  endfacet
  facet normal -0.130558 -0.991441 0
    outer loop
      vertex 166.5 92.5 0
      vertex 167.147 92.4148 4
      vertex 166.5 92.5 4
    endloop
  endfacet
  facet normal -0.130558 -0.991441 -0
    outer loop
      vertex 167.147 92.4148 4
      vertex 166.5 92.5 0
      vertex 167.147 92.4148 0
    endloop
  endfacet
  facet normal 0.130558 -0.991441 0
    outer loop
      vertex 156.853 92.4148 0
      vertex 157.5 92.5 4
      vertex 156.853 92.4148 4
    endloop
  endfacet
  facet normal 0.130558 -0.991441 0
    outer loop
      vertex 157.5 92.5 4
      vertex 156.853 92.4148 0
      vertex 157.5 92.5 0
    endloop
  endfacet
  facet normal -0.130558 0.991441 0
    outer loop
      vertex 167.147 87.5852 0
      vertex 166.5 87.5 4
      vertex 167.147 87.5852 4
    endloop
  endfacet
  facet normal -0.130558 0.991441 0
    outer loop
      vertex 166.5 87.5 4
      vertex 167.147 87.5852 0
      vertex 166.5 87.5 0
    endloop
  endfacet
  facet normal -0.99148 0.130256 0
    outer loop
      vertex 168.915 89.353 0
      vertex 169 90 4
      vertex 169 90 0
    endloop
  endfacet
  facet normal -0.99148 0.130256 0
    outer loop
      vertex 169 90 4
      vertex 168.915 89.353 0
      vertex 168.915 89.353 4
    endloop
  endfacet
  facet normal -0.793592 -0.608451 0
    outer loop
      vertex 168.665 91.25 0
      vertex 168.268 91.7678 4
      vertex 168.268 91.7678 0
    endloop
  endfacet
  facet normal -0.793592 -0.608451 0
    outer loop
      vertex 168.268 91.7678 4
      vertex 168.665 91.25 0
      vertex 168.665 91.25 4
    endloop
  endfacet
  facet normal -0.608592 -0.793483 0
    outer loop
      vertex 167.75 92.1651 0
      vertex 168.268 91.7678 4
      vertex 167.75 92.1651 4
    endloop
  endfacet
  facet normal -0.608592 -0.793483 -0
    outer loop
      vertex 168.268 91.7678 4
      vertex 167.75 92.1651 0
      vertex 168.268 91.7678 0
    endloop
  endfacet
  facet normal 0 -1 0
    outer loop
      vertex 157.5 92.5 0
      vertex 166.5 92.5 4
      vertex 157.5 92.5 4
    endloop
  endfacet
  facet normal 0 -1 -0
    outer loop
      vertex 166.5 92.5 4
      vertex 157.5 92.5 0
      vertex 166.5 92.5 0
    endloop
  endfacet
  facet normal 0.608592 -0.793483 0
    outer loop
      vertex 155.732 91.7678 0
      vertex 156.25 92.1651 4
      vertex 155.732 91.7678 4
    endloop
  endfacet
  facet normal 0.608592 -0.793483 0
    outer loop
      vertex 156.25 92.1651 4
      vertex 155.732 91.7678 0
      vertex 156.25 92.1651 0
    endloop
  endfacet
  facet normal -0.793592 0.608451 0
    outer loop
      vertex 168.268 88.2322 0
      vertex 168.665 88.75 4
      vertex 168.665 88.75 0
    endloop
  endfacet
  facet normal -0.793592 0.608451 0
    outer loop
      vertex 168.665 88.75 4
      vertex 168.268 88.2322 0
      vertex 168.268 88.2322 4
    endloop
  endfacet
  facet normal 0.130558 0.991441 -0
    outer loop
      vertex 157.5 87.5 0
      vertex 156.853 87.5852 4
      vertex 157.5 87.5 4
    endloop
  endfacet
  facet normal 0.130558 0.991441 0
    outer loop
      vertex 156.853 87.5852 4
      vertex 157.5 87.5 0
      vertex 156.853 87.5852 0
    endloop
  endfacet
  facet normal 0 1 -0
    outer loop
      vertex 166.5 87.5 0
      vertex 157.5 87.5 4
      vertex 166.5 87.5 4
    endloop
  endfacet
  facet normal 0 1 0
    outer loop
      vertex 157.5 87.5 4
      vertex 166.5 87.5 0
      vertex 157.5 87.5 0
    endloop
  endfacet
  facet normal -0.923755 -0.382983 0
    outer loop
      vertex 168.915 90.647 0
      vertex 168.665 91.25 4
      vertex 168.665 91.25 0
    endloop
  endfacet
  facet normal -0.923755 -0.382983 0
    outer loop
      vertex 168.665 91.25 4
      vertex 168.915 90.647 0
      vertex 168.915 90.647 4
    endloop
  endfacet
  facet normal -0.99148 -0.130256 0
    outer loop
      vertex 169 90 0
      vertex 168.915 90.647 4
      vertex 168.915 90.647 0
    endloop
  endfacet
  facet normal -0.99148 -0.130256 0
    outer loop
      vertex 168.915 90.647 4
      vertex 169 90 0
      vertex 169 90 4
    endloop
  endfacet
  facet normal -0.382591 -0.923918 0
    outer loop
      vertex 167.147 92.4148 0
      vertex 167.75 92.1651 4
      vertex 167.147 92.4148 4
    endloop
  endfacet
  facet normal -0.382591 -0.923918 -0
    outer loop
      vertex 167.75 92.1651 4
      vertex 167.147 92.4148 0
      vertex 167.75 92.1651 0
    endloop
  endfacet
  facet normal 0.382591 -0.923918 0
    outer loop
      vertex 156.25 92.1651 0
      vertex 156.853 92.4148 4
      vertex 156.25 92.1651 4
    endloop
  endfacet
  facet normal 0.382591 -0.923918 0
    outer loop
      vertex 156.853 92.4148 4
      vertex 156.25 92.1651 0
      vertex 156.853 92.4148 0
    endloop
  endfacet
  facet normal 0.793592 -0.608451 0
    outer loop
      vertex 155.335 91.25 4
      vertex 155.732 91.7678 0
      vertex 155.732 91.7678 4
    endloop
  endfacet
  facet normal 0.793592 -0.608451 0
    outer loop
      vertex 155.732 91.7678 0
      vertex 155.335 91.25 4
      vertex 155.335 91.25 0
    endloop
  endfacet
  facet normal -0.608592 0.793483 0
    outer loop
      vertex 168.268 88.2322 0
      vertex 167.75 87.8349 4
      vertex 168.268 88.2322 4
    endloop
  endfacet
  facet normal -0.608592 0.793483 0
    outer loop
      vertex 167.75 87.8349 4
      vertex 168.268 88.2322 0
      vertex 167.75 87.8349 0
    endloop
  endfacet
  facet normal -0.382591 0.923918 0
    outer loop
      vertex 167.75 87.8349 0
      vertex 167.147 87.5852 4
      vertex 167.75 87.8349 4
    endloop
  endfacet
  facet normal -0.382591 0.923918 0
    outer loop
      vertex 167.147 87.5852 4
      vertex 167.75 87.8349 0
      vertex 167.147 87.5852 0
    endloop
  endfacet
  facet normal 0.608592 0.793483 -0
    outer loop
      vertex 156.25 87.8349 0
      vertex 155.732 88.2322 4
      vertex 156.25 87.8349 4
    endloop
  endfacet
  facet normal 0.608592 0.793483 0
    outer loop
      vertex 155.732 88.2322 4
      vertex 156.25 87.8349 0
      vertex 155.732 88.2322 0
    endloop
  endfacet
  facet normal 0.382591 0.923918 -0
    outer loop
      vertex 156.853 87.5852 0
      vertex 156.25 87.8349 4
      vertex 156.853 87.5852 4
    endloop
  endfacet
  facet normal 0.382591 0.923918 0
    outer loop
      vertex 156.25 87.8349 4
      vertex 156.853 87.5852 0
      vertex 156.25 87.8349 0
    endloop
  endfacet
  facet normal -0.923755 0.382983 0
    outer loop
      vertex 168.665 88.75 0
      vertex 168.915 89.353 4
      vertex 168.915 89.353 0
    endloop
  endfacet
  facet normal -0.923755 0.382983 0
    outer loop
      vertex 168.915 89.353 4
      vertex 168.665 88.75 0
      vertex 168.665 88.75 4
    endloop
  endfacet
  facet normal 0.793592 0.608451 0
    outer loop
      vertex 155.732 88.2322 4
      vertex 155.335 88.75 0
      vertex 155.335 88.75 4
    endloop
  endfacet
  facet normal 0.793592 0.608451 0
    outer loop
      vertex 155.335 88.75 0
      vertex 155.732 88.2322 4
      vertex 155.732 88.2322 0
    endloop
  endfacet
  facet normal 0.923755 0.382983 0
    outer loop
      vertex 155.335 88.75 4
      vertex 155.085 89.353 0
      vertex 155.085 89.353 4
    endloop
  endfacet
  facet normal 0.923755 0.382983 0
    outer loop
      vertex 155.085 89.353 0
      vertex 155.335 88.75 4
      vertex 155.335 88.75 0
    endloop
  endfacet
  facet normal 0 0 -1
    outer loop
      vertex 58.8686 88.6314 0
      vertex 12.2068 109.561 0
      vertex 12.25 110 0
    endloop
  endfacet
  facet normal 0 0 -1
    outer loop
      vertex 58.6696 86.6111 0
      vertex 12.0787 109.139 0
      vertex 12.2068 109.561 0
    endloop
  endfacet
  facet normal 0 0 -1
    outer loop
      vertex 58.6696 86.6111 0
      vertex 11.8708 108.75 0
      vertex 12.0787 109.139 0
    endloop
  endfacet
  facet normal 0 0 -1
    outer loop
      vertex 58.6696 86.6111 0
      vertex 11.591 108.409 0
      vertex 11.8708 108.75 0
    endloop
  endfacet
  facet normal 0 0 -1
    outer loop
      vertex 58.6696 86.6111 0
      vertex 11.25 108.129 0
      vertex 11.591 108.409 0
    endloop
  endfacet
  facet normal 0 0 -1
    outer loop
      vertex 58.6696 86.6111 0
      vertex 10.861 107.921 0
      vertex 11.25 108.129 0
    endloop
  endfacet
  facet normal 0 0 -1
    outer loop
      vertex 58.6696 86.6111 0
      vertex 10.439 107.793 0
      vertex 10.861 107.921 0
    endloop
  endfacet
  facet normal -0 0 -1
    outer loop
      vertex 58.6696 86.6111 0
      vertex 8 20 0
      vertex 10.439 107.793 0
    endloop
  endfacet
  facet normal 0 0 -1
    outer loop
      vertex 10.439 107.793 0
      vertex 8 20 0
      vertex 10 107.75 0
    endloop
  endfacet
  facet normal -0 0 -1
    outer loop
      vertex 10 107.75 0
      vertex 8 20 0
      vertex 9.56105 107.793 0
    endloop
  endfacet
  facet normal 0 0 -1
    outer loop
      vertex 7.48236 19.9319 0
      vertex 9.56105 107.793 0
      vertex 8 20 0
    endloop
  endfacet
  facet normal -0 0 -1
    outer loop
      vertex 9.56105 107.793 0
      vertex 7.48236 19.9319 0
      vertex 9.13896 107.921 0
    endloop
  endfacet
  facet normal 0 0 -1
    outer loop
      vertex 7 19.732 0
      vertex 9.13896 107.921 0
      vertex 7.48236 19.9319 0
    endloop
  endfacet
  facet normal -0 0 -1
    outer loop
      vertex 9.13896 107.921 0
      vertex 7 19.732 0
      vertex 8.74997 108.129 0
    endloop
  endfacet
  facet normal -0 0 -1
    outer loop
      vertex 8.74997 108.129 0
      vertex 7 19.732 0
      vertex 8.40901 108.409 0
    endloop
  endfacet
  facet normal 0 0 -1
    outer loop
      vertex 6.58579 19.4142 0
      vertex 8.40901 108.409 0
      vertex 7 19.732 0
    endloop
  endfacet
  facet normal -0 0 -1
    outer loop
      vertex 8.40901 108.409 0
      vertex 6.58579 19.4142 0
      vertex 8.12919 108.75 0
    endloop
  endfacet
  facet normal 0 0 -1
    outer loop
      vertex 6.26795 19 0
      vertex 8.12919 108.75 0
      vertex 6.58579 19.4142 0
    endloop
  endfacet
  facet normal 0 0 -1
    outer loop
      vertex 61.3304 33.3889 0
      vertex 128.67 33.3889 0
      vertex 61.4782 33.1123 0
    endloop
  endfacet
  facet normal 0 0 -1
    outer loop
      vertex 128.67 86.6111 0
      vertex 61.5693 87.1879 0
      vertex 61.6 87.5 0
    endloop
  endfacet
  facet normal 0 0 -1
    outer loop
      vertex 128.67 33.3889 0
      vertex 61.3304 33.3889 0
      vertex 128.67 86.6111 0
    endloop
  endfacet
  facet normal 0 0 -1
    outer loop
      vertex 128.67 86.6111 0
      vertex 61.4782 86.8877 0
      vertex 61.5693 87.1879 0
    endloop
  endfacet
  facet normal 0 0 -1
    outer loop
      vertex 61.3304 86.6111 0
      vertex 128.67 86.6111 0
      vertex 61.3304 33.3889 0
    endloop
  endfacet
  facet normal 0 0 -1
    outer loop
      vertex 128.67 86.6111 0
      vertex 61.3304 86.6111 0
      vertex 61.4782 86.8877 0
    endloop
  endfacet
  facet normal 0 0 -1
    outer loop
      vertex 61.1314 33.6314 0
      vertex 61.3304 86.6111 0
      vertex 61.3304 33.3889 0
    endloop
  endfacet
  facet normal 0 0 -1
    outer loop
      vertex 61.1314 33.6314 0
      vertex 61.1314 86.3686 0
      vertex 61.3304 86.6111 0
    endloop
  endfacet
  facet normal 0 0 -1
    outer loop
      vertex 60.8889 33.8304 0
      vertex 61.1314 86.3686 0
      vertex 61.1314 33.6314 0
    endloop
  endfacet
  facet normal 0 0 -1
    outer loop
      vertex 60.8889 33.8304 0
      vertex 60.8889 86.1696 0
      vertex 61.1314 86.3686 0
    endloop
  endfacet
  facet normal 0 0 -1
    outer loop
      vertex 60.6123 33.9782 0
      vertex 60.8889 86.1696 0
      vertex 60.8889 33.8304 0
    endloop
  endfacet
  facet normal 0 0 -1
    outer loop
      vertex 60.6123 33.9782 0
      vertex 60.6123 86.0218 0
      vertex 60.8889 86.1696 0
    endloop
  endfacet
  facet normal 0 0 -1
    outer loop
      vertex 60.3121 34.0693 0
      vertex 60.6123 86.0218 0
      vertex 60.6123 33.9782 0
    endloop
  endfacet
  facet normal 0 0 -1
    outer loop
      vertex 60.3121 34.0693 0
      vertex 60.3121 85.9307 0
      vertex 60.6123 86.0218 0
    endloop
  endfacet
  facet normal 0 0 -1
    outer loop
      vertex 60 34.1 0
      vertex 60.3121 85.9307 0
      vertex 60.3121 34.0693 0
    endloop
  endfacet
  facet normal 0 0 -1
    outer loop
      vertex 60 34.1 0
      vertex 60 85.9 0
      vertex 60.3121 85.9307 0
    endloop
  endfacet
  facet normal 0 0 -1
    outer loop
      vertex 59.6879 34.0693 0
      vertex 60 85.9 0
      vertex 60 34.1 0
    endloop
  endfacet
  facet normal 0 0 -1
    outer loop
      vertex 59.6879 34.0693 0
      vertex 59.6879 85.9307 0
      vertex 60 85.9 0
    endloop
  endfacet
  facet normal 0 0 -1
    outer loop
      vertex 59.3877 33.9782 0
      vertex 59.6879 85.9307 0
      vertex 59.6879 34.0693 0
    endloop
  endfacet
  facet normal 0 0 -1
    outer loop
      vertex 59.3877 33.9782 0
      vertex 59.3877 86.0218 0
      vertex 59.6879 85.9307 0
    endloop
  endfacet
  facet normal 0 0 -1
    outer loop
      vertex 59.1111 33.8304 0
      vertex 59.3877 86.0218 0
      vertex 59.3877 33.9782 0
    endloop
  endfacet
  facet normal 0 0 -1
    outer loop
      vertex 59.1111 33.8304 0
      vertex 59.1111 86.1696 0
      vertex 59.3877 86.0218 0
    endloop
  endfacet
  facet normal 0 0 -1
    outer loop
      vertex 58.8686 33.6314 0
      vertex 59.1111 86.1696 0
      vertex 59.1111 33.8304 0
    endloop
  endfacet
  facet normal 0 0 -1
    outer loop
      vertex 58.8686 33.6314 0
      vertex 58.8686 86.3686 0
      vertex 59.1111 86.1696 0
    endloop
  endfacet
  facet normal 0 0 -1
    outer loop
      vertex 36 20 0
      vertex 58.8686 33.6314 0
      vertex 58.6696 33.3889 0
    endloop
  endfacet
  facet normal -0 0 -1
    outer loop
      vertex 58.8686 33.6314 0
      vertex 36 20 0
      vertex 58.8686 86.3686 0
    endloop
  endfacet
  facet normal 0 0 -1
    outer loop
      vertex 36 20 0
      vertex 58.6696 33.3889 0
      vertex 58.5218 33.1123 0
    endloop
  endfacet
  facet normal -0 0 -1
    outer loop
      vertex 58.8686 86.3686 0
      vertex 36 20 0
      vertex 58.6696 86.6111 0
    endloop
  endfacet
  facet normal 0 0 -1
    outer loop
      vertex 36.5176 19.9319 0
      vertex 58.5218 33.1123 0
      vertex 58.4307 32.8121 0
    endloop
  endfacet
  facet normal 0 0 -1
    outer loop
      vertex 8 20 0
      vertex 58.6696 86.6111 0
      vertex 36 20 0
    endloop
  endfacet
  facet normal 0 0 -1
    outer loop
      vertex 37 19.732 0
      vertex 58.4307 32.8121 0
      vertex 58.4 32.5 0
    endloop
  endfacet
  facet normal 0 0 -1
    outer loop
      vertex 12.2068 109.561 0
      vertex 58.5218 86.8877 0
      vertex 58.6696 86.6111 0
    endloop
  endfacet
  facet normal 0 0 -1
    outer loop
      vertex 130.889 33.8304 0
      vertex 155.085 49.353 0
      vertex 131.131 33.6314 0
    endloop
  endfacet
  facet normal 0 0 -1
    outer loop
      vertex 155.085 69.353 0
      vertex 131.569 87.1879 0
      vertex 131.6 87.5 0
    endloop
  endfacet
  facet normal -0 0 -1
    outer loop
      vertex 155.085 49.353 0
      vertex 130.889 33.8304 0
      vertex 155 50 0
    endloop
  endfacet
  facet normal 0 0 -1
    outer loop
      vertex 155.085 69.353 0
      vertex 131.478 86.8877 0
      vertex 131.569 87.1879 0
    endloop
  endfacet
  facet normal 0 0 -1
    outer loop
      vertex 130.612 33.9782 0
      vertex 155 50 0
      vertex 130.889 33.8304 0
    endloop
  endfacet
  facet normal 0 0 -1
    outer loop
      vertex 155.085 69.353 0
      vertex 131.33 86.6111 0
      vertex 131.478 86.8877 0
    endloop
  endfacet
  facet normal 0 0 -1
    outer loop
      vertex 130.312 34.0693 0
      vertex 155 50 0
      vertex 130.612 33.9782 0
    endloop
  endfacet
  facet normal 0 0 -1
    outer loop
      vertex 155.085 69.353 0
      vertex 131.131 86.3686 0
      vertex 131.33 86.6111 0
    endloop
  endfacet
  facet normal -0 0 -1
    outer loop
      vertex 155 50 0
      vertex 130.312 34.0693 0
      vertex 155.085 50.647 0
    endloop
  endfacet
  facet normal 0 0 -1
    outer loop
      vertex 155.085 69.353 0
      vertex 130.889 86.1696 0
      vertex 131.131 86.3686 0
    endloop
  endfacet
  facet normal 0 0 -1
    outer loop
      vertex 130 34.1 0
      vertex 155.085 50.647 0
      vertex 130.312 34.0693 0
    endloop
  endfacet
  facet normal 0 0 -1
    outer loop
      vertex 155.085 69.353 0
      vertex 130.612 86.0218 0
      vertex 130.889 86.1696 0
    endloop
  endfacet
  facet normal -0 0 -1
    outer loop
      vertex 155.085 50.647 0
      vertex 130 34.1 0
      vertex 155.085 69.353 0
    endloop
  endfacet
  facet normal 0 0 -1
    outer loop
      vertex 155.085 69.353 0
      vertex 130.312 85.9307 0
      vertex 130.612 86.0218 0
    endloop
  endfacet
  facet normal 0 0 -1
    outer loop
      vertex 130 85.9 0
      vertex 155.085 69.353 0
      vertex 130 34.1 0
    endloop
  endfacet
  facet normal 0 0 -1
    outer loop
      vertex 155.085 69.353 0
      vertex 130 85.9 0
      vertex 130.312 85.9307 0
    endloop
  endfacet
  facet normal 0 0 -1
    outer loop
      vertex 129.688 34.0693 0
      vertex 130 85.9 0
      vertex 130 34.1 0
    endloop
  endfacet
  facet normal 0 0 -1
    outer loop
      vertex 129.688 34.0693 0
      vertex 129.688 85.9307 0
      vertex 130 85.9 0
    endloop
  endfacet
  facet normal 0 0 -1
    outer loop
      vertex 129.388 33.9782 0
      vertex 129.688 85.9307 0
      vertex 129.688 34.0693 0
    endloop
  endfacet
  facet normal 0 0 -1
    outer loop
      vertex 129.388 33.9782 0
      vertex 129.388 86.0218 0
      vertex 129.688 85.9307 0
    endloop
  endfacet
  facet normal 0 0 -1
    outer loop
      vertex 129.111 33.8304 0
      vertex 129.388 86.0218 0
      vertex 129.388 33.9782 0
    endloop
  endfacet
  facet normal 0 0 -1
    outer loop
      vertex 129.111 33.8304 0
      vertex 129.111 86.1696 0
      vertex 129.388 86.0218 0
    endloop
  endfacet
  facet normal 0 0 -1
    outer loop
      vertex 128.869 33.6314 0
      vertex 129.111 86.1696 0
      vertex 129.111 33.8304 0
    endloop
  endfacet
  facet normal 0 0 -1
    outer loop
      vertex 128.869 33.6314 0
      vertex 128.869 86.3686 0
      vertex 129.111 86.1696 0
    endloop
  endfacet
  facet normal 0 0 -1
    outer loop
      vertex 128.67 33.3889 0
      vertex 128.869 86.3686 0
      vertex 128.869 33.6314 0
    endloop
  endfacet
  facet normal 0 0 -1
    outer loop
      vertex 128.67 33.3889 0
      vertex 128.67 86.6111 0
      vertex 128.869 86.3686 0
    endloop
  endfacet
  facet normal 0 0 -1
    outer loop
      vertex 128.431 32.8121 0
      vertex 61.5693 32.8121 0
      vertex 128.522 33.1123 0
    endloop
  endfacet
  facet normal 0 0 -1
    outer loop
      vertex 61.4782 33.1123 0
      vertex 128.522 33.1123 0
      vertex 61.5693 32.8121 0
    endloop
  endfacet
  facet normal 0 0 -1
    outer loop
      vertex 61.5693 32.8121 0
      vertex 128.431 32.8121 0
      vertex 61.6 32.5 0
    endloop
  endfacet
  facet normal 0 0 -1
    outer loop
      vertex 128.522 33.1123 0
      vertex 61.4782 33.1123 0
      vertex 128.67 33.3889 0
    endloop
  endfacet
  facet normal 0 0 -1
    outer loop
      vertex 61.6 32.5 0
      vertex 128.431 32.8121 0
      vertex 128.4 32.5 0
    endloop
  endfacet
  facet normal 0 0 -1
    outer loop
      vertex 128.67 86.6111 0
      vertex 61.6 87.5 0
      vertex 128.522 86.8877 0
    endloop
  endfacet
  facet normal 0 0 -1
    outer loop
      vertex 168.915 89.353 0
      vertex 181.25 108.129 0
      vertex 168.915 70.647 0
    endloop
  endfacet
  facet normal 0 0 -1
    outer loop
      vertex 181.25 108.129 0
      vertex 168.915 89.353 0
      vertex 169 90 0
    endloop
  endfacet
  facet normal 0 0 -1
    outer loop
      vertex 168.665 71.25 0
      vertex 168.915 89.353 0
      vertex 168.915 70.647 0
    endloop
  endfacet
  facet normal 0 0 -1
    outer loop
      vertex 168.665 71.25 0
      vertex 168.665 88.75 0
      vertex 168.915 89.353 0
    endloop
  endfacet
  facet normal 0 0 -1
    outer loop
      vertex 168.268 71.7678 0
      vertex 168.665 88.75 0
      vertex 168.665 71.25 0
    endloop
  endfacet
  facet normal 0 0 -1
    outer loop
      vertex 168.268 71.7678 0
      vertex 168.268 88.2322 0
      vertex 168.665 88.75 0
    endloop
  endfacet
  facet normal 0 0 -1
    outer loop
      vertex 167.75 72.1651 0
      vertex 168.268 88.2322 0
      vertex 168.268 71.7678 0
    endloop
  endfacet
  facet normal 0 0 -1
    outer loop
      vertex 167.75 72.1651 0
      vertex 167.75 87.8349 0
      vertex 168.268 88.2322 0
    endloop
  endfacet
  facet normal 0 0 -1
    outer loop
      vertex 167.147 72.4148 0
      vertex 167.75 87.8349 0
      vertex 167.75 72.1651 0
    endloop
  endfacet
  facet normal 0 0 -1
    outer loop
      vertex 167.147 72.4148 0
      vertex 167.147 87.5852 0
      vertex 167.75 87.8349 0
    endloop
  endfacet
  facet normal 0 0 -1
    outer loop
      vertex 166.5 72.5 0
      vertex 167.147 87.5852 0
      vertex 167.147 72.4148 0
    endloop
  endfacet
  facet normal 0 0 -1
    outer loop
      vertex 166.5 72.5 0
      vertex 166.5 87.5 0
      vertex 167.147 87.5852 0
    endloop
  endfacet
  facet normal 0 0 -1
    outer loop
      vertex 157.5 72.5 0
      vertex 166.5 87.5 0
      vertex 166.5 72.5 0
    endloop
  endfacet
  facet normal 0 0 -1
    outer loop
      vertex 157.5 72.5 0
      vertex 157.5 87.5 0
      vertex 166.5 87.5 0
    endloop
  endfacet
  facet normal 0 0 -1
    outer loop
      vertex 156.853 72.4148 0
      vertex 157.5 87.5 0
      vertex 157.5 72.5 0
    endloop
  endfacet
  facet normal 0 0 -1
    outer loop
      vertex 156.853 72.4148 0
      vertex 156.853 87.5852 0
      vertex 157.5 87.5 0
    endloop
  endfacet
  facet normal 0 0 -1
    outer loop
      vertex 156.25 72.1651 0
      vertex 156.853 87.5852 0
      vertex 156.853 72.4148 0
    endloop
  endfacet
  facet normal 0 0 -1
    outer loop
      vertex 156.25 72.1651 0
      vertex 156.25 87.8349 0
      vertex 156.853 87.5852 0
    endloop
  endfacet
  facet normal 0 0 -1
    outer loop
      vertex 155.732 71.7678 0
      vertex 156.25 87.8349 0
      vertex 156.25 72.1651 0
    endloop
  endfacet
  facet normal 0 0 -1
    outer loop
      vertex 155.732 71.7678 0
      vertex 155.732 88.2322 0
      vertex 156.25 87.8349 0
    endloop
  endfacet
  facet normal 0 0 -1
    outer loop
      vertex 155.335 71.25 0
      vertex 155.732 88.2322 0
      vertex 155.732 71.7678 0
    endloop
  endfacet
  facet normal 0 0 -1
    outer loop
      vertex 155.335 71.25 0
      vertex 155.335 88.75 0
      vertex 155.732 88.2322 0
    endloop
  endfacet
  facet normal 0 0 -1
    outer loop
      vertex 131.6 87.5 0
      vertex 155.335 71.25 0
      vertex 155.085 70.647 0
    endloop
  endfacet
  facet normal 0 0 -1
    outer loop
      vertex 155.335 71.25 0
      vertex 131.6 87.5 0
      vertex 155.335 88.75 0
    endloop
  endfacet
  facet normal 0 0 -1
    outer loop
      vertex 131.6 87.5 0
      vertex 155.085 70.647 0
      vertex 155 70 0
    endloop
  endfacet
  facet normal -0 0 -1
    outer loop
      vertex 155.335 88.75 0
      vertex 131.6 87.5 0
      vertex 155.085 89.353 0
    endloop
  endfacet
  facet normal 0 0 -1
    outer loop
      vertex 168.915 50.647 0
      vertex 169 70 0
      vertex 169 50 0
    endloop
  endfacet
  facet normal 0 0 -1
    outer loop
      vertex 168.915 50.647 0
      vertex 168.915 69.353 0
      vertex 169 70 0
    endloop
  endfacet
  facet normal 0 0 -1
    outer loop
      vertex 168.665 51.25 0
      vertex 168.915 69.353 0
      vertex 168.915 50.647 0
    endloop
  endfacet
  facet normal 0 0 -1
    outer loop
      vertex 168.665 51.25 0
      vertex 168.665 68.75 0
      vertex 168.915 69.353 0
    endloop
  endfacet
  facet normal 0 0 -1
    outer loop
      vertex 168.268 51.7678 0
      vertex 168.665 68.75 0
      vertex 168.665 51.25 0
    endloop
  endfacet
  facet normal 0 0 -1
    outer loop
      vertex 168.268 51.7678 0
      vertex 168.268 68.2322 0
      vertex 168.665 68.75 0
    endloop
  endfacet
  facet normal 0 0 -1
    outer loop
      vertex 167.75 52.1651 0
      vertex 168.268 68.2322 0
      vertex 168.268 51.7678 0
    endloop
  endfacet
  facet normal 0 0 -1
    outer loop
      vertex 167.75 52.1651 0
      vertex 167.75 67.8349 0
      vertex 168.268 68.2322 0
    endloop
  endfacet
  facet normal 0 0 -1
    outer loop
      vertex 167.147 52.4148 0
      vertex 167.75 67.8349 0
      vertex 167.75 52.1651 0
    endloop
  endfacet
  facet normal 0 0 -1
    outer loop
      vertex 167.147 52.4148 0
      vertex 167.147 67.5852 0
      vertex 167.75 67.8349 0
    endloop
  endfacet
  facet normal 0 0 -1
    outer loop
      vertex 166.5 52.5 0
      vertex 167.147 67.5852 0
      vertex 167.147 52.4148 0
    endloop
  endfacet
  facet normal 0 0 -1
    outer loop
      vertex 166.5 52.5 0
      vertex 166.5 67.5 0
      vertex 167.147 67.5852 0
    endloop
  endfacet
  facet normal 0 0 -1
    outer loop
      vertex 157.5 52.5 0
      vertex 166.5 67.5 0
      vertex 166.5 52.5 0
    endloop
  endfacet
  facet normal 0 0 -1
    outer loop
      vertex 157.5 52.5 0
      vertex 157.5 67.5 0
      vertex 166.5 67.5 0
    endloop
  endfacet
  facet normal 0 0 -1
    outer loop
      vertex 156.853 52.4148 0
      vertex 157.5 67.5 0
      vertex 157.5 52.5 0
    endloop
  endfacet
  facet normal 0 0 -1
    outer loop
      vertex 156.853 52.4148 0
      vertex 156.853 67.5852 0
      vertex 157.5 67.5 0
    endloop
  endfacet
  facet normal 0 0 -1
    outer loop
      vertex 156.25 52.1651 0
      vertex 156.853 67.5852 0
      vertex 156.853 52.4148 0
    endloop
  endfacet
  facet normal 0 0 -1
    outer loop
      vertex 156.25 52.1651 0
      vertex 156.25 67.8349 0
      vertex 156.853 67.5852 0
    endloop
  endfacet
  facet normal 0 0 -1
    outer loop
      vertex 155.732 51.7678 0
      vertex 156.25 67.8349 0
      vertex 156.25 52.1651 0
    endloop
  endfacet
  facet normal 0 0 -1
    outer loop
      vertex 155.732 51.7678 0
      vertex 155.732 68.2322 0
      vertex 156.25 67.8349 0
    endloop
  endfacet
  facet normal 0 0 -1
    outer loop
      vertex 155.335 51.25 0
      vertex 155.732 68.2322 0
      vertex 155.732 51.7678 0
    endloop
  endfacet
  facet normal 0 0 -1
    outer loop
      vertex 155.335 51.25 0
      vertex 155.335 68.75 0
      vertex 155.732 68.2322 0
    endloop
  endfacet
  facet normal 0 0 -1
    outer loop
      vertex 155.085 50.647 0
      vertex 155.335 68.75 0
      vertex 155.335 51.25 0
    endloop
  endfacet
  facet normal 0 0 -1
    outer loop
      vertex 155.085 50.647 0
      vertex 155.085 69.353 0
      vertex 155.335 68.75 0
    endloop
  endfacet
  facet normal 0 0 -1
    outer loop
      vertex 131.33 33.3889 0
      vertex 155.335 48.75 0
      vertex 131.478 33.1123 0
    endloop
  endfacet
  facet normal 0 0 -1
    outer loop
      vertex 131.131 33.6314 0
      vertex 155.335 48.75 0
      vertex 131.33 33.3889 0
    endloop
  endfacet
  facet normal 0 0 -1
    outer loop
      vertex 168.915 49.353 0
      vertex 181.25 11.8708 0
      vertex 168.915 30.647 0
    endloop
  endfacet
  facet normal 0 0 -1
    outer loop
      vertex 181.25 11.8708 0
      vertex 168.915 49.353 0
      vertex 169 50 0
    endloop
  endfacet
  facet normal 0 0 -1
    outer loop
      vertex 168.665 31.25 0
      vertex 168.915 49.353 0
      vertex 168.915 30.647 0
    endloop
  endfacet
  facet normal 0 0 -1
    outer loop
      vertex 168.665 31.25 0
      vertex 168.665 48.75 0
      vertex 168.915 49.353 0
    endloop
  endfacet
  facet normal 0 0 -1
    outer loop
      vertex 168.268 31.7678 0
      vertex 168.665 48.75 0
      vertex 168.665 31.25 0
    endloop
  endfacet
  facet normal 0 0 -1
    outer loop
      vertex 168.268 31.7678 0
      vertex 168.268 48.2322 0
      vertex 168.665 48.75 0
    endloop
  endfacet
  facet normal 0 0 -1
    outer loop
      vertex 167.75 32.1651 0
      vertex 168.268 48.2322 0
      vertex 168.268 31.7678 0
    endloop
  endfacet
  facet normal 0 0 -1
    outer loop
      vertex 167.75 32.1651 0
      vertex 167.75 47.8349 0
      vertex 168.268 48.2322 0
    endloop
  endfacet
  facet normal 0 0 -1
    outer loop
      vertex 167.147 32.4148 0
      vertex 167.75 47.8349 0
      vertex 167.75 32.1651 0
    endloop
  endfacet
  facet normal 0 0 -1
    outer loop
      vertex 167.147 32.4148 0
      vertex 167.147 47.5852 0
      vertex 167.75 47.8349 0
    endloop
  endfacet
  facet normal 0 0 -1
    outer loop
      vertex 166.5 32.5 0
      vertex 167.147 47.5852 0
      vertex 167.147 32.4148 0
    endloop
  endfacet
  facet normal 0 0 -1
    outer loop
      vertex 166.5 32.5 0
      vertex 166.5 47.5 0
      vertex 167.147 47.5852 0
    endloop
  endfacet
  facet normal 0 0 -1
    outer loop
      vertex 157.5 32.5 0
      vertex 166.5 47.5 0
      vertex 166.5 32.5 0
    endloop
  endfacet
  facet normal 0 0 -1
    outer loop
      vertex 157.5 32.5 0
      vertex 157.5 47.5 0
      vertex 166.5 47.5 0
    endloop
  endfacet
  facet normal 0 0 -1
    outer loop
      vertex 156.853 32.4148 0
      vertex 157.5 47.5 0
      vertex 157.5 32.5 0
    endloop
  endfacet
  facet normal 0 0 -1
    outer loop
      vertex 156.853 32.4148 0
      vertex 156.853 47.5852 0
      vertex 157.5 47.5 0
    endloop
  endfacet
  facet normal 0 0 -1
    outer loop
      vertex 156.25 32.1651 0
      vertex 156.853 47.5852 0
      vertex 156.853 32.4148 0
    endloop
  endfacet
  facet normal 0 0 -1
    outer loop
      vertex 156.25 32.1651 0
      vertex 156.25 47.8349 0
      vertex 156.853 47.5852 0
    endloop
  endfacet
  facet normal 0 0 -1
    outer loop
      vertex 155.732 31.7678 0
      vertex 156.25 47.8349 0
      vertex 156.25 32.1651 0
    endloop
  endfacet
  facet normal 0 0 -1
    outer loop
      vertex 155.732 31.7678 0
      vertex 155.732 48.2322 0
      vertex 156.25 47.8349 0
    endloop
  endfacet
  facet normal 0 0 -1
    outer loop
      vertex 155.335 31.25 0
      vertex 155.732 48.2322 0
      vertex 155.732 31.7678 0
    endloop
  endfacet
  facet normal 0 0 -1
    outer loop
      vertex 155.335 31.25 0
      vertex 155.335 48.75 0
      vertex 155.732 48.2322 0
    endloop
  endfacet
  facet normal 0 0 -1
    outer loop
      vertex 131.569 32.8121 0
      vertex 155.085 30.647 0
      vertex 131.6 32.5 0
    endloop
  endfacet
  facet normal 0 0 -1
    outer loop
      vertex 155.085 30.647 0
      vertex 131.569 32.8121 0
      vertex 155.335 31.25 0
    endloop
  endfacet
  facet normal 0 0 -1
    outer loop
      vertex 131.6 32.5 0
      vertex 155.085 30.647 0
      vertex 155 30 0
    endloop
  endfacet
  facet normal 0 0 -1
    outer loop
      vertex 131.478 33.1123 0
      vertex 155.335 31.25 0
      vertex 131.569 32.8121 0
    endloop
  endfacet
  facet normal 0 0 -1
    outer loop
      vertex 181.871 11.25 0
      vertex 190 6 0
      vertex 182.079 10.861 0
    endloop
  endfacet
  facet normal 0 0 -1
    outer loop
      vertex 190 114 0
      vertex 182.207 109.561 0
      vertex 182.25 110 0
    endloop
  endfacet
  facet normal 0 0 -1
    outer loop
      vertex 181.591 11.591 0
      vertex 190 6 0
      vertex 181.871 11.25 0
    endloop
  endfacet
  facet normal 0 0 -1
    outer loop
      vertex 190 114 0
      vertex 182.079 109.139 0
      vertex 182.207 109.561 0
    endloop
  endfacet
  facet normal 0 0 -1
    outer loop
      vertex 190 6 0
      vertex 169 50 0
      vertex 190 114 0
    endloop
  endfacet
  facet normal 0 0 -1
    outer loop
      vertex 190 114 0
      vertex 181.871 108.75 0
      vertex 182.079 109.139 0
    endloop
  endfacet
  facet normal 0 0 -1
    outer loop
      vertex 190 6 0
      vertex 181.591 11.591 0
      vertex 169 50 0
    endloop
  endfacet
  facet normal 0 0 -1
    outer loop
      vertex 169 70 0
      vertex 190 114 0
      vertex 169 50 0
    endloop
  endfacet
  facet normal 0 0 -1
    outer loop
      vertex 169 50 0
      vertex 181.591 11.591 0
      vertex 181.25 11.8708 0
    endloop
  endfacet
  facet normal 0 0 -1
    outer loop
      vertex 168.915 70.647 0
      vertex 190 114 0
      vertex 169 70 0
    endloop
  endfacet
  facet normal 0 0 -1
    outer loop
      vertex 169 30 0
      vertex 181.25 11.8708 0
      vertex 180.861 12.0787 0
    endloop
  endfacet
  facet normal 0 0 -1
    outer loop
      vertex 190 114 0
      vertex 181.591 108.409 0
      vertex 181.871 108.75 0
    endloop
  endfacet
  facet normal 0 0 -1
    outer loop
      vertex 169 30 0
      vertex 180.861 12.0787 0
      vertex 180.439 12.2068 0
    endloop
  endfacet
  facet normal 0 0 -1
    outer loop
      vertex 190 114 0
      vertex 168.915 70.647 0
      vertex 181.591 108.409 0
    endloop
  endfacet
  facet normal 0 0 -1
    outer loop
      vertex 168.915 29.353 0
      vertex 180.439 12.2068 0
      vertex 180 12.25 0
    endloop
  endfacet
  facet normal 0 0 -1
    outer loop
      vertex 181.591 108.409 0
      vertex 168.915 70.647 0
      vertex 181.25 108.129 0
    endloop
  endfacet
  facet normal 0 0 -1
    outer loop
      vertex 168.665 28.75 0
      vertex 180 12.25 0
      vertex 179.561 12.2068 0
    endloop
  endfacet
  facet normal 0 0 -1
    outer loop
      vertex 181.25 108.129 0
      vertex 169 90 0
      vertex 180.861 107.921 0
    endloop
  endfacet
  facet normal 0 0 -1
    outer loop
      vertex 168.268 28.2322 0
      vertex 179.561 12.2068 0
      vertex 179.139 12.0787 0
    endloop
  endfacet
  facet normal 0 0 -1
    outer loop
      vertex 180.861 107.921 0
      vertex 169 90 0
      vertex 180.439 107.793 0
    endloop
  endfacet
  facet normal 0 0 -1
    outer loop
      vertex 168.268 28.2322 0
      vertex 179.139 12.0787 0
      vertex 178.75 11.8708 0
    endloop
  endfacet
  facet normal 0 0 -1
    outer loop
      vertex 168.915 90.647 0
      vertex 180.439 107.793 0
      vertex 169 90 0
    endloop
  endfacet
  facet normal 0 0 -1
    outer loop
      vertex 167.75 27.8349 0
      vertex 178.75 11.8708 0
      vertex 178.409 11.591 0
    endloop
  endfacet
  facet normal 0 0 -1
    outer loop
      vertex 180.439 107.793 0
      vertex 168.915 90.647 0
      vertex 180 107.75 0
    endloop
  endfacet
  facet normal 0 0 -1
    outer loop
      vertex 167.147 27.5852 0
      vertex 178.409 11.591 0
      vertex 178.129 11.25 0
    endloop
  endfacet
  facet normal 0 0 -1
    outer loop
      vertex 168.665 91.25 0
      vertex 180 107.75 0
      vertex 168.915 90.647 0
    endloop
  endfacet
  facet normal 0 0 -1
    outer loop
      vertex 166.5 27.5 0
      vertex 178.129 11.25 0
      vertex 177.921 10.861 0
    endloop
  endfacet
  facet normal -0 0 -1
    outer loop
      vertex 180 107.75 0
      vertex 168.665 91.25 0
      vertex 179.561 107.793 0
    endloop
  endfacet
  facet normal 0 0 -1
    outer loop
      vertex 166.5 27.5 0
      vertex 177.921 10.861 0
      vertex 177.793 10.439 0
    endloop
  endfacet
  facet normal 0 0 -1
    outer loop
      vertex 168.268 91.7678 0
      vertex 179.561 107.793 0
      vertex 168.665 91.25 0
    endloop
  endfacet
  facet normal 0 0 -1
    outer loop
      vertex 157.5 27.5 0
      vertex 177.793 10.439 0
      vertex 177.75 10 0
    endloop
  endfacet
  facet normal -0 0 -1
    outer loop
      vertex 179.561 107.793 0
      vertex 168.268 91.7678 0
      vertex 179.139 107.921 0
    endloop
  endfacet
  facet normal 0 0 -1
    outer loop
      vertex 181.871 8.74997 0
      vertex 190 6 0
      vertex 189.885 4.82946 0
    endloop
  endfacet
  facet normal 0 0 -1
    outer loop
      vertex 182.207 10.439 0
      vertex 190 6 0
      vertex 182.25 10 0
    endloop
  endfacet
  facet normal 0 0 -1
    outer loop
      vertex 181.871 8.74997 0
      vertex 189.885 4.82946 0
      vertex 189.543 3.7039 0
    endloop
  endfacet
  facet normal 0 0 -1
    outer loop
      vertex 182.079 10.861 0
      vertex 190 6 0
      vertex 182.207 10.439 0
    endloop
  endfacet
  facet normal 0 0 -1
    outer loop
      vertex 181.591 8.40901 0
      vertex 189.543 3.7039 0
      vertex 188.989 2.66658 0
    endloop
  endfacet
  facet normal 0 0 -1
    outer loop
      vertex 182.207 110.439 0
      vertex 190 114 0
      vertex 182.25 110 0
    endloop
  endfacet
  facet normal 0 0 -1
    outer loop
      vertex 181.591 8.40901 0
      vertex 188.989 2.66658 0
      vertex 188.243 1.75736 0
    endloop
  endfacet
  facet normal 0 0 -1
    outer loop
      vertex 182.079 110.861 0
      vertex 190 114 0
      vertex 182.207 110.439 0
    endloop
  endfacet
  facet normal 0 0 -1
    outer loop
      vertex 181.591 8.40901 0
      vertex 188.243 1.75736 0
      vertex 187.333 1.01118 0
    endloop
  endfacet
  facet normal 0 0 -1
    outer loop
      vertex 181.871 111.25 0
      vertex 190 114 0
      vertex 182.079 110.861 0
    endloop
  endfacet
  facet normal 0 0 -1
    outer loop
      vertex 181.591 8.40901 0
      vertex 187.333 1.01118 0
      vertex 186.296 0.456722 0
    endloop
  endfacet
  facet normal -0 0 -1
    outer loop
      vertex 190 114 0
      vertex 181.871 111.25 0
      vertex 189.885 115.171 0
    endloop
  endfacet
  facet normal 0 0 -1
    outer loop
      vertex 181.591 8.40901 0
      vertex 186.296 0.456722 0
      vertex 185.171 0.115288 0
    endloop
  endfacet
  facet normal -0 0 -1
    outer loop
      vertex 189.885 115.171 0
      vertex 181.871 111.25 0
      vertex 189.543 116.296 0
    endloop
  endfacet
  facet normal 0 0 -1
    outer loop
      vertex 181.25 8.12919 0
      vertex 185.171 0.115288 0
      vertex 184 0 0
    endloop
  endfacet
  facet normal 0 0 -1
    outer loop
      vertex 181.591 111.591 0
      vertex 189.543 116.296 0
      vertex 181.871 111.25 0
    endloop
  endfacet
  facet normal -0 0 -1
    outer loop
      vertex 189.543 116.296 0
      vertex 181.591 111.591 0
      vertex 188.989 117.333 0
    endloop
  endfacet
  facet normal 0 0 -1
    outer loop
      vertex 190 6 0
      vertex 182.207 9.56105 0
      vertex 182.25 10 0
    endloop
  endfacet
  facet normal 0 0 -1
    outer loop
      vertex 190 6 0
      vertex 182.079 9.13896 0
      vertex 182.207 9.56105 0
    endloop
  endfacet
  facet normal 0 0 -1
    outer loop
      vertex 190 6 0
      vertex 181.871 8.74997 0
      vertex 182.079 9.13896 0
    endloop
  endfacet
  facet normal 0 0 -1
    outer loop
      vertex 189.543 3.7039 0
      vertex 181.591 8.40901 0
      vertex 181.871 8.74997 0
    endloop
  endfacet
  facet normal 0 0 -1
    outer loop
      vertex 185.171 0.115288 0
      vertex 181.25 8.12919 0
      vertex 181.591 8.40901 0
    endloop
  endfacet
  facet normal 0 0 -1
    outer loop
      vertex 184 0 0
      vertex 180.861 7.92127 0
      vertex 181.25 8.12919 0
    endloop
  endfacet
  facet normal 0 0 -1
    outer loop
      vertex 184 0 0
      vertex 180.439 7.79323 0
      vertex 180.861 7.92127 0
    endloop
  endfacet
  facet normal 0 0 -1
    outer loop
      vertex 184 0 0
      vertex 180 7.75 0
      vertex 180.439 7.79323 0
    endloop
  endfacet
  facet normal 0 0 -1
    outer loop
      vertex 184 0 0
      vertex 179.561 7.79323 0
      vertex 180 7.75 0
    endloop
  endfacet
  facet normal 0 0 -1
    outer loop
      vertex 184 0 0
      vertex 179.139 7.92127 0
      vertex 179.561 7.79323 0
    endloop
  endfacet
  facet normal 0 0 -1
    outer loop
      vertex 184 0 0
      vertex 178.75 8.12919 0
      vertex 179.139 7.92127 0
    endloop
  endfacet
  facet normal 0 0 -1
    outer loop
      vertex 184 0 0
      vertex 178.409 8.40901 0
      vertex 178.75 8.12919 0
    endloop
  endfacet
  facet normal 0 0 -1
    outer loop
      vertex 184 0 0
      vertex 178.129 8.74997 0
      vertex 178.409 8.40901 0
    endloop
  endfacet
  facet normal 0 0 -1
    outer loop
      vertex 168.915 30.647 0
      vertex 181.25 11.8708 0
      vertex 169 30 0
    endloop
  endfacet
  facet normal 0 0 -1
    outer loop
      vertex 157.5 27.5 0
      vertex 177.75 10 0
      vertex 177.793 9.56105 0
    endloop
  endfacet
  facet normal 0 0 -1
    outer loop
      vertex 156.853 27.5852 0
      vertex 177.793 9.56105 0
      vertex 177.921 9.13896 0
    endloop
  endfacet
  facet normal 0 0 -1
    outer loop
      vertex 180.439 12.2068 0
      vertex 168.915 29.353 0
      vertex 169 30 0
    endloop
  endfacet
  facet normal 0 0 -1
    outer loop
      vertex 180 12.25 0
      vertex 168.665 28.75 0
      vertex 168.915 29.353 0
    endloop
  endfacet
  facet normal 0 0 -1
    outer loop
      vertex 179.561 12.2068 0
      vertex 168.268 28.2322 0
      vertex 168.665 28.75 0
    endloop
  endfacet
  facet normal 0 0 -1
    outer loop
      vertex 178.75 11.8708 0
      vertex 167.75 27.8349 0
      vertex 168.268 28.2322 0
    endloop
  endfacet
  facet normal 0 0 -1
    outer loop
      vertex 156.853 27.5852 0
      vertex 177.921 9.13896 0
      vertex 178.129 8.74997 0
    endloop
  endfacet
  facet normal 0 0 -1
    outer loop
      vertex 178.409 11.591 0
      vertex 167.147 27.5852 0
      vertex 167.75 27.8349 0
    endloop
  endfacet
  facet normal 0 0 -1
    outer loop
      vertex 178.129 11.25 0
      vertex 166.5 27.5 0
      vertex 167.147 27.5852 0
    endloop
  endfacet
  facet normal 0 0 -1
    outer loop
      vertex 177.793 10.439 0
      vertex 157.5 27.5 0
      vertex 166.5 27.5 0
    endloop
  endfacet
  facet normal 0 0 -1
    outer loop
      vertex 130 30.9 0
      vertex 178.129 8.74997 0
      vertex 184 0 0
    endloop
  endfacet
  facet normal 0 0 -1
    outer loop
      vertex 177.793 9.56105 0
      vertex 156.853 27.5852 0
      vertex 157.5 27.5 0
    endloop
  endfacet
  facet normal 0 0 -1
    outer loop
      vertex 178.129 8.74997 0
      vertex 156.25 27.8349 0
      vertex 156.853 27.5852 0
    endloop
  endfacet
  facet normal 0 0 -1
    outer loop
      vertex 178.129 8.74997 0
      vertex 130.312 30.9307 0
      vertex 156.25 27.8349 0
    endloop
  endfacet
  facet normal 0 0 -1
    outer loop
      vertex 155.335 31.25 0
      vertex 131.478 33.1123 0
      vertex 155.335 48.75 0
    endloop
  endfacet
  facet normal -0 0 -1
    outer loop
      vertex 155.335 48.75 0
      vertex 131.131 33.6314 0
      vertex 155.085 49.353 0
    endloop
  endfacet
  facet normal 0 0 -1
    outer loop
      vertex 155.085 69.353 0
      vertex 131.6 87.5 0
      vertex 155 70 0
    endloop
  endfacet
  facet normal 0 0 -1
    outer loop
      vertex 131.478 31.8877 0
      vertex 155 30 0
      vertex 155.085 29.353 0
    endloop
  endfacet
  facet normal 0 0 -1
    outer loop
      vertex 131.33 31.6111 0
      vertex 155.085 29.353 0
      vertex 155.335 28.75 0
    endloop
  endfacet
  facet normal 0 0 -1
    outer loop
      vertex 131.131 31.3686 0
      vertex 155.335 28.75 0
      vertex 155.732 28.2322 0
    endloop
  endfacet
  facet normal 0 -0 -1
    outer loop
      vertex 130.612 31.0218 0
      vertex 156.25 27.8349 0
      vertex 130.312 30.9307 0
    endloop
  endfacet
  facet normal 0 0 -1
    outer loop
      vertex 155 30 0
      vertex 131.569 32.1879 0
      vertex 131.6 32.5 0
    endloop
  endfacet
  facet normal 0 0 -1
    outer loop
      vertex 155 30 0
      vertex 131.478 31.8877 0
      vertex 131.569 32.1879 0
    endloop
  endfacet
  facet normal 0 0 -1
    outer loop
      vertex 155.085 29.353 0
      vertex 131.33 31.6111 0
      vertex 131.478 31.8877 0
    endloop
  endfacet
  facet normal 0 0 -1
    outer loop
      vertex 155.335 28.75 0
      vertex 131.131 31.3686 0
      vertex 131.33 31.6111 0
    endloop
  endfacet
  facet normal 0 0 -1
    outer loop
      vertex 155.732 28.2322 0
      vertex 130.889 31.1696 0
      vertex 131.131 31.3686 0
    endloop
  endfacet
  facet normal 0 0 -1
    outer loop
      vertex 155.732 28.2322 0
      vertex 130.612 31.0218 0
      vertex 130.889 31.1696 0
    endloop
  endfacet
  facet normal 0 0 -1
    outer loop
      vertex 156.25 27.8349 0
      vertex 130.612 31.0218 0
      vertex 155.732 28.2322 0
    endloop
  endfacet
  facet normal 0 0 -1
    outer loop
      vertex 178.129 8.74997 0
      vertex 130 30.9 0
      vertex 130.312 30.9307 0
    endloop
  endfacet
  facet normal 0 0 -1
    outer loop
      vertex 184 0 0
      vertex 129.688 30.9307 0
      vertex 130 30.9 0
    endloop
  endfacet
  facet normal 0 0 -1
    outer loop
      vertex 37 16.2679 0
      vertex 129.688 30.9307 0
      vertex 184 0 0
    endloop
  endfacet
  facet normal -0 0 -1
    outer loop
      vertex 129.688 30.9307 0
      vertex 37 16.2679 0
      vertex 129.388 31.0218 0
    endloop
  endfacet
  facet normal 0 0 -1
    outer loop
      vertex 128.522 86.8877 0
      vertex 61.6 87.5 0
      vertex 128.431 87.1879 0
    endloop
  endfacet
  facet normal 0 0 -1
    outer loop
      vertex 128.431 32.1879 0
      vertex 61.6 32.5 0
      vertex 128.4 32.5 0
    endloop
  endfacet
  facet normal 0 0 -1
    outer loop
      vertex 61.5693 32.1879 0
      vertex 128.431 32.1879 0
      vertex 128.522 31.8877 0
    endloop
  endfacet
  facet normal 0 0 -1
    outer loop
      vertex 61.4782 31.8877 0
      vertex 128.522 31.8877 0
      vertex 128.67 31.6111 0
    endloop
  endfacet
  facet normal 0 0 -1
    outer loop
      vertex 61.3304 31.6111 0
      vertex 128.67 31.6111 0
      vertex 128.869 31.3686 0
    endloop
  endfacet
  facet normal 0 0 -1
    outer loop
      vertex 61.1314 31.3686 0
      vertex 128.869 31.3686 0
      vertex 129.111 31.1696 0
    endloop
  endfacet
  facet normal 0 -0 -1
    outer loop
      vertex 37.4142 16.5858 0
      vertex 129.388 31.0218 0
      vertex 37 16.2679 0
    endloop
  endfacet
  facet normal 0 0 -1
    outer loop
      vertex 128.431 32.1879 0
      vertex 61.5693 32.1879 0
      vertex 61.6 32.5 0
    endloop
  endfacet
  facet normal 0 0 -1
    outer loop
      vertex 128.522 31.8877 0
      vertex 61.4782 31.8877 0
      vertex 61.5693 32.1879 0
    endloop
  endfacet
  facet normal 0 0 -1
    outer loop
      vertex 128.67 31.6111 0
      vertex 61.3304 31.6111 0
      vertex 61.4782 31.8877 0
    endloop
  endfacet
  facet normal 0 0 -1
    outer loop
      vertex 128.869 31.3686 0
      vertex 61.1314 31.3686 0
      vertex 61.3304 31.6111 0
    endloop
  endfacet
  facet normal 0 0 -1
    outer loop
      vertex 129.111 31.1696 0
      vertex 60.8889 31.1696 0
      vertex 61.1314 31.3686 0
    endloop
  endfacet
  facet normal -0 0 -1
    outer loop
      vertex 129.111 31.1696 0
      vertex 60.6123 31.0218 0
      vertex 60.8889 31.1696 0
    endloop
  endfacet
  facet normal 0 0 -1
    outer loop
      vertex 129.388 31.0218 0
      vertex 60.6123 31.0218 0
      vertex 129.111 31.1696 0
    endloop
  endfacet
  facet normal 0 0 -1
    outer loop
      vertex 60.6123 31.0218 0
      vertex 37.4142 16.5858 0
      vertex 60.3121 30.9307 0
    endloop
  endfacet
  facet normal 0 -0 -1
    outer loop
      vertex 37.732 17 0
      vertex 60.3121 30.9307 0
      vertex 37.4142 16.5858 0
    endloop
  endfacet
  facet normal 0 0 -1
    outer loop
      vertex 37.4142 19.4142 0
      vertex 58.5218 31.8877 0
      vertex 37.732 19 0
    endloop
  endfacet
  facet normal -0 0 -1
    outer loop
      vertex 58.6696 31.6111 0
      vertex 37.732 19 0
      vertex 58.5218 31.8877 0
    endloop
  endfacet
  facet normal -0 0 -1
    outer loop
      vertex 58.8686 31.3686 0
      vertex 37.732 19 0
      vertex 58.6696 31.6111 0
    endloop
  endfacet
  facet normal 0 0 -1
    outer loop
      vertex 37.732 19 0
      vertex 58.8686 31.3686 0
      vertex 37.9319 18.5176 0
    endloop
  endfacet
  facet normal -0 0 -1
    outer loop
      vertex 59.1111 31.1696 0
      vertex 37.9319 18.5176 0
      vertex 58.8686 31.3686 0
    endloop
  endfacet
  facet normal 0 0 -1
    outer loop
      vertex 37.9319 18.5176 0
      vertex 59.1111 31.1696 0
      vertex 38 18 0
    endloop
  endfacet
  facet normal -0 0 -1
    outer loop
      vertex 59.3877 31.0218 0
      vertex 38 18 0
      vertex 59.1111 31.1696 0
    endloop
  endfacet
  facet normal 0 0 -1
    outer loop
      vertex 37.9319 17.4824 0
      vertex 59.3877 31.0218 0
      vertex 59.6879 30.9307 0
    endloop
  endfacet
  facet normal 0 0 -1
    outer loop
      vertex 60.3121 30.9307 0
      vertex 37.732 17 0
      vertex 60 30.9 0
    endloop
  endfacet
  facet normal 0 0 -1
    outer loop
      vertex 59.3877 31.0218 0
      vertex 37.9319 17.4824 0
      vertex 38 18 0
    endloop
  endfacet
  facet normal -0 0 -1
    outer loop
      vertex 60 30.9 0
      vertex 37.9319 17.4824 0
      vertex 59.6879 30.9307 0
    endloop
  endfacet
  facet normal 0 -0 -1
    outer loop
      vertex 37.9319 17.4824 0
      vertex 60 30.9 0
      vertex 37.732 17 0
    endloop
  endfacet
  facet normal 0 -0 -1
    outer loop
      vertex 60.6123 31.0218 0
      vertex 129.388 31.0218 0
      vertex 37.4142 16.5858 0
    endloop
  endfacet
  facet normal 0 0 -1
    outer loop
      vertex 184 0 0
      vertex 36.5176 16.0681 0
      vertex 37 16.2679 0
    endloop
  endfacet
  facet normal 0 0 -1
    outer loop
      vertex 6 0 0
      vertex 36.5176 16.0681 0
      vertex 184 0 0
    endloop
  endfacet
  facet normal 0 0 -1
    outer loop
      vertex 36.5176 16.0681 0
      vertex 6 0 0
      vertex 36 16 0
    endloop
  endfacet
  facet normal 0 0 -1
    outer loop
      vertex 36 16 0
      vertex 12.2068 9.56105 0
      vertex 12.25 10 0
    endloop
  endfacet
  facet normal 0 0 -1
    outer loop
      vertex 36 16 0
      vertex 12.0787 9.13896 0
      vertex 12.2068 9.56105 0
    endloop
  endfacet
  facet normal 0 0 -1
    outer loop
      vertex 36 16 0
      vertex 11.8708 8.74997 0
      vertex 12.0787 9.13896 0
    endloop
  endfacet
  facet normal 0 -0 -1
    outer loop
      vertex 11.591 8.40901 0
      vertex 36 16 0
      vertex 6 0 0
    endloop
  endfacet
  facet normal 0 0 -1
    outer loop
      vertex 36 16 0
      vertex 11.591 8.40901 0
      vertex 11.8708 8.74997 0
    endloop
  endfacet
  facet normal 0 0 -1
    outer loop
      vertex 11.591 8.40901 0
      vertex 6 0 0
      vertex 11.25 8.12919 0
    endloop
  endfacet
  facet normal 0 0 -1
    outer loop
      vertex 11.25 8.12919 0
      vertex 6 0 0
      vertex 10.861 7.92127 0
    endloop
  endfacet
  facet normal 0 0 -1
    outer loop
      vertex 10.861 7.92127 0
      vertex 6 0 0
      vertex 10.439 7.79323 0
    endloop
  endfacet
  facet normal 0 0 -1
    outer loop
      vertex 8.40901 11.591 0
      vertex 7 16.2679 0
      vertex 7.48236 16.0681 0
    endloop
  endfacet
  facet normal 0 0 -1
    outer loop
      vertex 0 6 0
      vertex 7.75 10 0
      vertex 7.79323 9.56105 0
    endloop
  endfacet
  facet normal 0 0 -1
    outer loop
      vertex 7.79323 10.439 0
      vertex 6.58579 16.5858 0
      vertex 7 16.2679 0
    endloop
  endfacet
  facet normal -0 0 -1
    outer loop
      vertex 7.79323 10.439 0
      vertex 0 6 0
      vertex 6.58579 16.5858 0
    endloop
  endfacet
  facet normal -0 0 -1
    outer loop
      vertex 6.58579 16.5858 0
      vertex 0 6 0
      vertex 6.26795 17 0
    endloop
  endfacet
  facet normal 0 0 -1
    outer loop
      vertex 10.439 7.79323 0
      vertex 6 0 0
      vertex 10 7.75 0
    endloop
  endfacet
  facet normal 0 0 -1
    outer loop
      vertex 6 0 0
      vertex 9.56105 7.79323 0
      vertex 10 7.75 0
    endloop
  endfacet
  facet normal 0 0 -1
    outer loop
      vertex 6 0 0
      vertex 9.13896 7.92127 0
      vertex 9.56105 7.79323 0
    endloop
  endfacet
  facet normal 0 0 -1
    outer loop
      vertex 6 0 0
      vertex 8.74997 8.12919 0
      vertex 9.13896 7.92127 0
    endloop
  endfacet
  facet normal 0 0 -1
    outer loop
      vertex 4.82946 0.115288 0
      vertex 8.74997 8.12919 0
      vertex 6 0 0
    endloop
  endfacet
  facet normal -0 0 -1
    outer loop
      vertex 8.74997 8.12919 0
      vertex 4.82946 0.115288 0
      vertex 8.40901 8.40901 0
    endloop
  endfacet
  facet normal 0 0 -1
    outer loop
      vertex 3.7039 0.456722 0
      vertex 8.40901 8.40901 0
      vertex 4.82946 0.115288 0
    endloop
  endfacet
  facet normal 0 0 -1
    outer loop
      vertex 2.66658 1.01118 0
      vertex 8.40901 8.40901 0
      vertex 3.7039 0.456722 0
    endloop
  endfacet
  facet normal 0 0 -1
    outer loop
      vertex 1.75736 1.75736 0
      vertex 8.40901 8.40901 0
      vertex 2.66658 1.01118 0
    endloop
  endfacet
  facet normal -0 0 -1
    outer loop
      vertex 6.26795 17 0
      vertex 0 6 0
      vertex 6.06815 17.4824 0
    endloop
  endfacet
  facet normal -0 0 -1
    outer loop
      vertex 6.06815 17.4824 0
      vertex 0 6 0
      vertex 6 18 0
    endloop
  endfacet
  facet normal 0 0 -1
    outer loop
      vertex 1.01118 2.66658 0
      vertex 8.40901 8.40901 0
      vertex 1.75736 1.75736 0
    endloop
  endfacet
  facet normal 0 0 -1
    outer loop
      vertex 0 114 0
      vertex 6 18 0
      vertex 0 6 0
    endloop
  endfacet
  facet normal 0 0 -1
    outer loop
      vertex 0.456722 3.7039 0
      vertex 8.40901 8.40901 0
      vertex 1.01118 2.66658 0
    endloop
  endfacet
  facet normal 0 0 -1
    outer loop
      vertex 6 18 0
      vertex 0 114 0
      vertex 6 120 0
    endloop
  endfacet
  facet normal -0 0 -1
    outer loop
      vertex 8.40901 8.40901 0
      vertex 0.456722 3.7039 0
      vertex 8.12919 8.74997 0
    endloop
  endfacet
  facet normal 0 0 -1
    outer loop
      vertex 6 120 0
      vertex 0 114 0
      vertex 4.82946 119.885 0
    endloop
  endfacet
  facet normal 0 0 -1
    outer loop
      vertex 0.115288 4.82946 0
      vertex 8.12919 8.74997 0
      vertex 0.456722 3.7039 0
    endloop
  endfacet
  facet normal 0 0 -1
    outer loop
      vertex 4.82946 119.885 0
      vertex 0 114 0
      vertex 3.7039 119.543 0
    endloop
  endfacet
  facet normal 0 0 -1
    outer loop
      vertex 0 6 0
      vertex 8.12919 8.74997 0
      vertex 0.115288 4.82946 0
    endloop
  endfacet
  facet normal 0 0 -1
    outer loop
      vertex 3.7039 119.543 0
      vertex 0 114 0
      vertex 2.66658 118.989 0
    endloop
  endfacet
  facet normal -0 0 -1
    outer loop
      vertex 8.12919 8.74997 0
      vertex 0 6 0
      vertex 7.92127 9.13896 0
    endloop
  endfacet
  facet normal 0 0 -1
    outer loop
      vertex 2.66658 118.989 0
      vertex 0 114 0
      vertex 1.75736 118.243 0
    endloop
  endfacet
  facet normal -0 0 -1
    outer loop
      vertex 7.92127 9.13896 0
      vertex 0 6 0
      vertex 7.79323 9.56105 0
    endloop
  endfacet
  facet normal 0 0 -1
    outer loop
      vertex 1.75736 118.243 0
      vertex 0 114 0
      vertex 1.01118 117.333 0
    endloop
  endfacet
  facet normal 0 0 -1
    outer loop
      vertex 1.01118 117.333 0
      vertex 0 114 0
      vertex 0.456722 116.296 0
    endloop
  endfacet
  facet normal 0 0 -1
    outer loop
      vertex 0.456722 116.296 0
      vertex 0 114 0
      vertex 0.115288 115.171 0
    endloop
  endfacet
  facet normal -0 0 -1
    outer loop
      vertex 188.989 117.333 0
      vertex 181.591 111.591 0
      vertex 188.243 118.243 0
    endloop
  endfacet
  facet normal -0 0 -1
    outer loop
      vertex 188.243 118.243 0
      vertex 181.591 111.591 0
      vertex 187.333 118.989 0
    endloop
  endfacet
  facet normal -0 0 -1
    outer loop
      vertex 187.333 118.989 0
      vertex 181.591 111.591 0
      vertex 186.296 119.543 0
    endloop
  endfacet
  facet normal -0 0 -1
    outer loop
      vertex 186.296 119.543 0
      vertex 181.591 111.591 0
      vertex 185.171 119.885 0
    endloop
  endfacet
  facet normal 0 0 -1
    outer loop
      vertex 181.25 111.871 0
      vertex 185.171 119.885 0
      vertex 181.591 111.591 0
    endloop
  endfacet
  facet normal -0 0 -1
    outer loop
      vertex 185.171 119.885 0
      vertex 181.25 111.871 0
      vertex 184 120 0
    endloop
  endfacet
  facet normal 0 0 -1
    outer loop
      vertex 180.861 112.079 0
      vertex 184 120 0
      vertex 181.25 111.871 0
    endloop
  endfacet
  facet normal 0 0 -1
    outer loop
      vertex 180.439 112.207 0
      vertex 184 120 0
      vertex 180.861 112.079 0
    endloop
  endfacet
  facet normal 0 0 -1
    outer loop
      vertex 180 112.25 0
      vertex 184 120 0
      vertex 180.439 112.207 0
    endloop
  endfacet
  facet normal 0 0 -1
    outer loop
      vertex 179.561 112.207 0
      vertex 184 120 0
      vertex 180 112.25 0
    endloop
  endfacet
  facet normal 0 0 -1
    outer loop
      vertex 179.139 112.079 0
      vertex 184 120 0
      vertex 179.561 112.207 0
    endloop
  endfacet
  facet normal 0 0 -1
    outer loop
      vertex 178.75 111.871 0
      vertex 184 120 0
      vertex 179.139 112.079 0
    endloop
  endfacet
  facet normal 0 0 -1
    outer loop
      vertex 178.409 111.591 0
      vertex 184 120 0
      vertex 178.75 111.871 0
    endloop
  endfacet
  facet normal 0 0 -1
    outer loop
      vertex 178.129 111.25 0
      vertex 184 120 0
      vertex 178.409 111.591 0
    endloop
  endfacet
  facet normal -0 0 -1
    outer loop
      vertex 179.139 107.921 0
      vertex 168.268 91.7678 0
      vertex 178.75 108.129 0
    endloop
  endfacet
  facet normal 0 0 -1
    outer loop
      vertex 167.75 92.1651 0
      vertex 178.75 108.129 0
      vertex 168.268 91.7678 0
    endloop
  endfacet
  facet normal -0 0 -1
    outer loop
      vertex 178.75 108.129 0
      vertex 167.75 92.1651 0
      vertex 178.409 108.409 0
    endloop
  endfacet
  facet normal 0 0 -1
    outer loop
      vertex 167.147 92.4148 0
      vertex 178.409 108.409 0
      vertex 167.75 92.1651 0
    endloop
  endfacet
  facet normal -0 0 -1
    outer loop
      vertex 178.409 108.409 0
      vertex 167.147 92.4148 0
      vertex 178.129 108.75 0
    endloop
  endfacet
  facet normal 0 0 -1
    outer loop
      vertex 166.5 92.5 0
      vertex 178.129 108.75 0
      vertex 167.147 92.4148 0
    endloop
  endfacet
  facet normal -0 0 -1
    outer loop
      vertex 178.129 108.75 0
      vertex 166.5 92.5 0
      vertex 177.921 109.139 0
    endloop
  endfacet
  facet normal -0 0 -1
    outer loop
      vertex 177.921 109.139 0
      vertex 166.5 92.5 0
      vertex 177.793 109.561 0
    endloop
  endfacet
  facet normal 0 0 -1
    outer loop
      vertex 157.5 92.5 0
      vertex 177.793 109.561 0
      vertex 166.5 92.5 0
    endloop
  endfacet
  facet normal -0 0 -1
    outer loop
      vertex 177.793 109.561 0
      vertex 157.5 92.5 0
      vertex 177.75 110 0
    endloop
  endfacet
  facet normal -0 0 -1
    outer loop
      vertex 177.75 110 0
      vertex 157.5 92.5 0
      vertex 177.793 110.439 0
    endloop
  endfacet
  facet normal 0 0 -1
    outer loop
      vertex 156.853 92.4148 0
      vertex 177.793 110.439 0
      vertex 157.5 92.5 0
    endloop
  endfacet
  facet normal -0 0 -1
    outer loop
      vertex 177.793 110.439 0
      vertex 156.853 92.4148 0
      vertex 177.921 110.861 0
    endloop
  endfacet
  facet normal -0 0 -1
    outer loop
      vertex 177.921 110.861 0
      vertex 156.853 92.4148 0
      vertex 178.129 111.25 0
    endloop
  endfacet
  facet normal 0 0 -1
    outer loop
      vertex 156.25 92.1651 0
      vertex 178.129 111.25 0
      vertex 156.853 92.4148 0
    endloop
  endfacet
  facet normal 0 0 -1
    outer loop
      vertex 130.312 89.0693 0
      vertex 178.129 111.25 0
      vertex 156.25 92.1651 0
    endloop
  endfacet
  facet normal 0 0 -1
    outer loop
      vertex 130.612 88.9782 0
      vertex 156.25 92.1651 0
      vertex 155.732 91.7678 0
    endloop
  endfacet
  facet normal -0 0 -1
    outer loop
      vertex 155.085 89.353 0
      vertex 131.6 87.5 0
      vertex 155 90 0
    endloop
  endfacet
  facet normal 0 0 -1
    outer loop
      vertex 131.569 87.8121 0
      vertex 155 90 0
      vertex 131.6 87.5 0
    endloop
  endfacet
  facet normal 0 0 -1
    outer loop
      vertex 131.478 88.1123 0
      vertex 155 90 0
      vertex 131.569 87.8121 0
    endloop
  endfacet
  facet normal -0 0 -1
    outer loop
      vertex 155 90 0
      vertex 131.478 88.1123 0
      vertex 155.085 90.647 0
    endloop
  endfacet
  facet normal 0 0 -1
    outer loop
      vertex 131.33 88.3889 0
      vertex 155.085 90.647 0
      vertex 131.478 88.1123 0
    endloop
  endfacet
  facet normal -0 0 -1
    outer loop
      vertex 155.085 90.647 0
      vertex 131.33 88.3889 0
      vertex 155.335 91.25 0
    endloop
  endfacet
  facet normal 0 0 -1
    outer loop
      vertex 131.131 88.6314 0
      vertex 155.335 91.25 0
      vertex 131.33 88.3889 0
    endloop
  endfacet
  facet normal -0 0 -1
    outer loop
      vertex 155.335 91.25 0
      vertex 131.131 88.6314 0
      vertex 155.732 91.7678 0
    endloop
  endfacet
  facet normal 0 0 -1
    outer loop
      vertex 130.889 88.8304 0
      vertex 155.732 91.7678 0
      vertex 131.131 88.6314 0
    endloop
  endfacet
  facet normal 0 0 -1
    outer loop
      vertex 130.612 88.9782 0
      vertex 155.732 91.7678 0
      vertex 130.889 88.8304 0
    endloop
  endfacet
  facet normal 0 0 -1
    outer loop
      vertex 156.25 92.1651 0
      vertex 130.612 88.9782 0
      vertex 130.312 89.0693 0
    endloop
  endfacet
  facet normal 0 0 -1
    outer loop
      vertex 130 89.1 0
      vertex 178.129 111.25 0
      vertex 130.312 89.0693 0
    endloop
  endfacet
  facet normal -0 0 -1
    outer loop
      vertex 178.129 111.25 0
      vertex 130 89.1 0
      vertex 184 120 0
    endloop
  endfacet
  facet normal 0 0 -1
    outer loop
      vertex 129.688 89.0693 0
      vertex 184 120 0
      vertex 130 89.1 0
    endloop
  endfacet
  facet normal 0 0 -1
    outer loop
      vertex 60.3121 89.0693 0
      vertex 129.688 89.0693 0
      vertex 129.388 88.9782 0
    endloop
  endfacet
  facet normal 0 0 -1
    outer loop
      vertex 60.6123 88.9782 0
      vertex 129.388 88.9782 0
      vertex 129.111 88.8304 0
    endloop
  endfacet
  facet normal 0 0 -1
    outer loop
      vertex 128.431 87.1879 0
      vertex 61.6 87.5 0
      vertex 128.4 87.5 0
    endloop
  endfacet
  facet normal 0 0 -1
    outer loop
      vertex 128.4 87.5 0
      vertex 61.6 87.5 0
      vertex 128.431 87.8121 0
    endloop
  endfacet
  facet normal 0 0 -1
    outer loop
      vertex 61.5693 87.8121 0
      vertex 128.431 87.8121 0
      vertex 61.6 87.5 0
    endloop
  endfacet
  facet normal 0 0 -1
    outer loop
      vertex 128.431 87.8121 0
      vertex 61.5693 87.8121 0
      vertex 128.522 88.1123 0
    endloop
  endfacet
  facet normal 0 0 -1
    outer loop
      vertex 61.4782 88.1123 0
      vertex 128.522 88.1123 0
      vertex 61.5693 87.8121 0
    endloop
  endfacet
  facet normal 0 0 -1
    outer loop
      vertex 128.522 88.1123 0
      vertex 61.4782 88.1123 0
      vertex 128.67 88.3889 0
    endloop
  endfacet
  facet normal 0 0 -1
    outer loop
      vertex 61.3304 88.3889 0
      vertex 128.67 88.3889 0
      vertex 61.4782 88.1123 0
    endloop
  endfacet
  facet normal 0 0 -1
    outer loop
      vertex 128.67 88.3889 0
      vertex 61.3304 88.3889 0
      vertex 128.869 88.6314 0
    endloop
  endfacet
  facet normal 0 0 -1
    outer loop
      vertex 61.1314 88.6314 0
      vertex 128.869 88.6314 0
      vertex 61.3304 88.3889 0
    endloop
  endfacet
  facet normal 0 0 -1
    outer loop
      vertex 128.869 88.6314 0
      vertex 61.1314 88.6314 0
      vertex 129.111 88.8304 0
    endloop
  endfacet
  facet normal 0 0 -1
    outer loop
      vertex 60.8889 88.8304 0
      vertex 129.111 88.8304 0
      vertex 61.1314 88.6314 0
    endloop
  endfacet
  facet normal 0 0 -1
    outer loop
      vertex 60.6123 88.9782 0
      vertex 129.111 88.8304 0
      vertex 60.8889 88.8304 0
    endloop
  endfacet
  facet normal 0 0 -1
    outer loop
      vertex 129.388 88.9782 0
      vertex 60.6123 88.9782 0
      vertex 60.3121 89.0693 0
    endloop
  endfacet
  facet normal 0 0 -1
    outer loop
      vertex 129.688 89.0693 0
      vertex 60.3121 89.0693 0
      vertex 184 120 0
    endloop
  endfacet
  facet normal 0 0 -1
    outer loop
      vertex 6 120 0
      vertex 60.3121 89.0693 0
      vertex 60 89.1 0
    endloop
  endfacet
  facet normal 0 0 -1
    outer loop
      vertex 11.8708 111.25 0
      vertex 60 89.1 0
      vertex 59.6879 89.0693 0
    endloop
  endfacet
  facet normal -0 0 -1
    outer loop
      vertex 58.5218 31.8877 0
      vertex 37.4142 19.4142 0
      vertex 58.4307 32.1879 0
    endloop
  endfacet
  facet normal 0 0 -1
    outer loop
      vertex 37 19.732 0
      vertex 58.4307 32.1879 0
      vertex 37.4142 19.4142 0
    endloop
  endfacet
  facet normal -0 0 -1
    outer loop
      vertex 58.4307 32.1879 0
      vertex 37 19.732 0
      vertex 58.4 32.5 0
    endloop
  endfacet
  facet normal 0 0 -1
    outer loop
      vertex 58.4307 32.8121 0
      vertex 37 19.732 0
      vertex 36.5176 19.9319 0
    endloop
  endfacet
  facet normal 0 0 -1
    outer loop
      vertex 58.5218 33.1123 0
      vertex 36.5176 19.9319 0
      vertex 36 20 0
    endloop
  endfacet
  facet normal 0 0 -1
    outer loop
      vertex 12.2068 109.561 0
      vertex 58.4307 87.1879 0
      vertex 58.5218 86.8877 0
    endloop
  endfacet
  facet normal 0 0 -1
    outer loop
      vertex 12.2068 109.561 0
      vertex 58.4 87.5 0
      vertex 58.4307 87.1879 0
    endloop
  endfacet
  facet normal 0 0 -1
    outer loop
      vertex 12.2068 109.561 0
      vertex 58.4307 87.8121 0
      vertex 58.4 87.5 0
    endloop
  endfacet
  facet normal 0 0 -1
    outer loop
      vertex 12.2068 109.561 0
      vertex 58.5218 88.1123 0
      vertex 58.4307 87.8121 0
    endloop
  endfacet
  facet normal 0 0 -1
    outer loop
      vertex 12.2068 109.561 0
      vertex 58.6696 88.3889 0
      vertex 58.5218 88.1123 0
    endloop
  endfacet
  facet normal 0 0 -1
    outer loop
      vertex 12.2068 109.561 0
      vertex 58.8686 88.6314 0
      vertex 58.6696 88.3889 0
    endloop
  endfacet
  facet normal 0 0 -1
    outer loop
      vertex 12.25 110 0
      vertex 59.1111 88.8304 0
      vertex 58.8686 88.6314 0
    endloop
  endfacet
  facet normal 0 0 -1
    outer loop
      vertex 12.2068 110.439 0
      vertex 59.1111 88.8304 0
      vertex 12.25 110 0
    endloop
  endfacet
  facet normal 0 0 -1
    outer loop
      vertex 59.1111 88.8304 0
      vertex 12.2068 110.439 0
      vertex 59.3877 88.9782 0
    endloop
  endfacet
  facet normal 0 0 -1
    outer loop
      vertex 12.0787 110.861 0
      vertex 59.3877 88.9782 0
      vertex 12.2068 110.439 0
    endloop
  endfacet
  facet normal 0 0 -1
    outer loop
      vertex 59.3877 88.9782 0
      vertex 12.0787 110.861 0
      vertex 59.6879 89.0693 0
    endloop
  endfacet
  facet normal 0 0 -1
    outer loop
      vertex 11.8708 111.25 0
      vertex 59.6879 89.0693 0
      vertex 12.0787 110.861 0
    endloop
  endfacet
  facet normal 0 0 -1
    outer loop
      vertex 60 89.1 0
      vertex 11.8708 111.25 0
      vertex 6 120 0
    endloop
  endfacet
  facet normal 0 0 -1
    outer loop
      vertex 6 120 0
      vertex 11.8708 111.25 0
      vertex 11.591 111.591 0
    endloop
  endfacet
  facet normal 0 0 -1
    outer loop
      vertex 6 120 0
      vertex 11.591 111.591 0
      vertex 11.25 111.871 0
    endloop
  endfacet
  facet normal 0 0 -1
    outer loop
      vertex 6 120 0
      vertex 11.25 111.871 0
      vertex 10.861 112.079 0
    endloop
  endfacet
  facet normal 0 0 -1
    outer loop
      vertex 6 120 0
      vertex 10.861 112.079 0
      vertex 10.439 112.207 0
    endloop
  endfacet
  facet normal 0 0 -1
    outer loop
      vertex 6 120 0
      vertex 10.439 112.207 0
      vertex 10 112.25 0
    endloop
  endfacet
  facet normal -0 0 -1
    outer loop
      vertex 8.12919 108.75 0
      vertex 6.26795 19 0
      vertex 7.92127 109.139 0
    endloop
  endfacet
  facet normal 0 0 -1
    outer loop
      vertex 6.06815 18.5176 0
      vertex 7.92127 109.139 0
      vertex 6.26795 19 0
    endloop
  endfacet
  facet normal -0 0 -1
    outer loop
      vertex 7.92127 109.139 0
      vertex 6.06815 18.5176 0
      vertex 7.79323 109.561 0
    endloop
  endfacet
  facet normal 0 0 -1
    outer loop
      vertex 6 120 0
      vertex 7.79323 109.561 0
      vertex 6.06815 18.5176 0
    endloop
  endfacet
  facet normal 0 0 -1
    outer loop
      vertex 6 120 0
      vertex 6.06815 18.5176 0
      vertex 6 18 0
    endloop
  endfacet
  facet normal 0 0 -1
    outer loop
      vertex 60.3121 89.0693 0
      vertex 6 120 0
      vertex 184 120 0
    endloop
  endfacet
  facet normal 0 0 -1
    outer loop
      vertex 9.56105 112.207 0
      vertex 6 120 0
      vertex 10 112.25 0
    endloop
  endfacet
  facet normal 0 0 -1
    outer loop
      vertex 9.13896 112.079 0
      vertex 6 120 0
      vertex 9.56105 112.207 0
    endloop
  endfacet
  facet normal 0 0 -1
    outer loop
      vertex 8.74997 111.871 0
      vertex 6 120 0
      vertex 9.13896 112.079 0
    endloop
  endfacet
  facet normal 0 0 -1
    outer loop
      vertex 8.40901 111.591 0
      vertex 6 120 0
      vertex 8.74997 111.871 0
    endloop
  endfacet
  facet normal 0 0 -1
    outer loop
      vertex 8.12919 111.25 0
      vertex 6 120 0
      vertex 8.40901 111.591 0
    endloop
  endfacet
  facet normal 0 0 -1
    outer loop
      vertex 7.92127 110.861 0
      vertex 6 120 0
      vertex 8.12919 111.25 0
    endloop
  endfacet
  facet normal 0 0 -1
    outer loop
      vertex 7.79323 110.439 0
      vertex 6 120 0
      vertex 7.92127 110.861 0
    endloop
  endfacet
  facet normal 0 0 -1
    outer loop
      vertex 7.75 110 0
      vertex 6 120 0
      vertex 7.79323 110.439 0
    endloop
  endfacet
  facet normal 0 0 -1
    outer loop
      vertex 7.79323 109.561 0
      vertex 6 120 0
      vertex 7.75 110 0
    endloop
  endfacet
  facet normal 0 0 -1
    outer loop
      vertex 12.2068 10.439 0
      vertex 36 16 0
      vertex 12.25 10 0
    endloop
  endfacet
  facet normal 0 0 -1
    outer loop
      vertex 12.0787 10.861 0
      vertex 36 16 0
      vertex 12.2068 10.439 0
    endloop
  endfacet
  facet normal 0 0 -1
    outer loop
      vertex 11.8708 11.25 0
      vertex 36 16 0
      vertex 12.0787 10.861 0
    endloop
  endfacet
  facet normal 0 0 -1
    outer loop
      vertex 11.591 11.591 0
      vertex 36 16 0
      vertex 11.8708 11.25 0
    endloop
  endfacet
  facet normal 0 0 -1
    outer loop
      vertex 8 16 0
      vertex 11.591 11.591 0
      vertex 11.25 11.8708 0
    endloop
  endfacet
  facet normal 0 0 -1
    outer loop
      vertex 8 16 0
      vertex 11.25 11.8708 0
      vertex 10.861 12.0787 0
    endloop
  endfacet
  facet normal 0 0 -1
    outer loop
      vertex 8 16 0
      vertex 10.861 12.0787 0
      vertex 10.439 12.2068 0
    endloop
  endfacet
  facet normal 0 0 -1
    outer loop
      vertex 8 16 0
      vertex 10.439 12.2068 0
      vertex 10 12.25 0
    endloop
  endfacet
  facet normal 0 0 -1
    outer loop
      vertex 8 16 0
      vertex 10 12.25 0
      vertex 9.56105 12.2068 0
    endloop
  endfacet
  facet normal 0 0 -1
    outer loop
      vertex 11.591 11.591 0
      vertex 8 16 0
      vertex 36 16 0
    endloop
  endfacet
  facet normal 0 0 -1
    outer loop
      vertex 9.13896 12.0787 0
      vertex 8 16 0
      vertex 9.56105 12.2068 0
    endloop
  endfacet
  facet normal 0 0 -1
    outer loop
      vertex 8.74997 11.8708 0
      vertex 8 16 0
      vertex 9.13896 12.0787 0
    endloop
  endfacet
  facet normal 0 0 -1
    outer loop
      vertex 7.48236 16.0681 0
      vertex 8.74997 11.8708 0
      vertex 8.40901 11.591 0
    endloop
  endfacet
  facet normal 0 0 -1
    outer loop
      vertex 7 16.2679 0
      vertex 8.40901 11.591 0
      vertex 8.12919 11.25 0
    endloop
  endfacet
  facet normal 0 0 -1
    outer loop
      vertex 7 16.2679 0
      vertex 8.12919 11.25 0
      vertex 7.92127 10.861 0
    endloop
  endfacet
  facet normal 0 0 -1
    outer loop
      vertex 7 16.2679 0
      vertex 7.92127 10.861 0
      vertex 7.79323 10.439 0
    endloop
  endfacet
  facet normal 0 0 -1
    outer loop
      vertex 0 6 0
      vertex 7.79323 10.439 0
      vertex 7.75 10 0
    endloop
  endfacet
  facet normal 0 0 -1
    outer loop
      vertex 8.74997 11.8708 0
      vertex 7.48236 16.0681 0
      vertex 8 16 0
    endloop
  endfacet
  facet normal -0.956941 -0.290284 0
    outer loop
      vertex 0.456722 3.7039 0
      vertex 0.115288 4.82946 4
      vertex 0.115288 4.82946 0
    endloop
  endfacet
  facet normal -0.956941 -0.290284 0
    outer loop
      vertex 0.115288 4.82946 4
      vertex 0.456722 3.7039 0
      vertex 0.456722 3.7039 4
    endloop
  endfacet
  facet normal -1 0 0
    outer loop
      vertex 0 6 0
      vertex 0 114 4
      vertex 0 114 0
    endloop
  endfacet
  facet normal -1 -0 0
    outer loop
      vertex 0 114 4
      vertex 0 6 0
      vertex 0 6 4
    endloop
  endfacet
  facet normal 0.995212 0.0977365 0
    outer loop
      vertex 190 114 4
      vertex 189.885 115.171 0
      vertex 189.885 115.171 4
    endloop
  endfacet
  facet normal 0.995212 0.0977365 0
    outer loop
      vertex 189.885 115.171 0
      vertex 190 114 4
      vertex 190 114 0
    endloop
  endfacet
  facet normal -0.995185 -0.098017 0
    outer loop
      vertex 0.115288 4.82946 0
      vertex 0 6 4
      vertex 0 6 0
    endloop
  endfacet
  facet normal -0.995185 -0.098017 0
    outer loop
      vertex 0 6 4
      vertex 0.115288 4.82946 0
      vertex 0.115288 4.82946 4
    endloop
  endfacet
  facet normal -0.098017 -0.995185 0
    outer loop
      vertex 4.82946 0.115288 0
      vertex 6 0 4
      vertex 4.82946 0.115288 4
    endloop
  endfacet
  facet normal -0.098017 -0.995185 -0
    outer loop
      vertex 6 0 4
      vertex 4.82946 0.115288 0
      vertex 6 0 0
    endloop
  endfacet
  facet normal 0 1 -0
    outer loop
      vertex 184 120 0
      vertex 6 120 4
      vertex 184 120 4
    endloop
  endfacet
  facet normal 0 1 0
    outer loop
      vertex 6 120 4
      vertex 184 120 0
      vertex 6 120 0
    endloop
  endfacet
  facet normal 0.634069 -0.773276 0
    outer loop
      vertex 187.333 1.01118 0
      vertex 188.243 1.75736 4
      vertex 187.333 1.01118 4
    endloop
  endfacet
  facet normal 0.634069 -0.773276 0
    outer loop
      vertex 188.243 1.75736 4
      vertex 187.333 1.01118 0
      vertex 188.243 1.75736 0
    endloop
  endfacet
  facet normal 0 0 1
    outer loop
      vertex 36 16 4
      vertex 12.2068 10.439 4
      vertex 12.25 10 4
    endloop
  endfacet
  facet normal 0 0 1
    outer loop
      vertex 36 16 4
      vertex 12.0787 10.861 4
      vertex 12.2068 10.439 4
    endloop
  endfacet
  facet normal 0 0 1
    outer loop
      vertex 36 16 4
      vertex 11.8708 11.25 4
      vertex 12.0787 10.861 4
    endloop
  endfacet
  facet normal 0 0 1
    outer loop
      vertex 36 16 4
      vertex 11.591 11.591 4
      vertex 11.8708 11.25 4
    endloop
  endfacet
  facet normal -0 0 1
    outer loop
      vertex 8 16 4
      vertex 11.591 11.591 4
      vertex 36 16 4
    endloop
  endfacet
  facet normal 0 0 1
    outer loop
      vertex 11.591 11.591 4
      vertex 8 16 4
      vertex 11.25 11.8708 4
    endloop
  endfacet
  facet normal 0 0 1
    outer loop
      vertex 11.25 11.8708 4
      vertex 8 16 4
      vertex 10.861 12.0787 4
    endloop
  endfacet
  facet normal 0 0 1
    outer loop
      vertex 10.861 12.0787 4
      vertex 8 16 4
      vertex 10.439 12.2068 4
    endloop
  endfacet
  facet normal 0 0 1
    outer loop
      vertex 10.439 12.2068 4
      vertex 8 16 4
      vertex 10 12.25 4
    endloop
  endfacet
  facet normal 0 0 1
    outer loop
      vertex 10 12.25 4
      vertex 8 16 4
      vertex 9.56105 12.2068 4
    endloop
  endfacet
  facet normal 0 0 1
    outer loop
      vertex 8 16 4
      vertex 9.13896 12.0787 4
      vertex 9.56105 12.2068 4
    endloop
  endfacet
  facet normal 0 0 1
    outer loop
      vertex 8 16 4
      vertex 8.74997 11.8708 4
      vertex 9.13896 12.0787 4
    endloop
  endfacet
  facet normal 0 0 1
    outer loop
      vertex 7.48236 16.0681 4
      vertex 8.74997 11.8708 4
      vertex 8 16 4
    endloop
  endfacet
  facet normal 0 0 1
    outer loop
      vertex 8.74997 11.8708 4
      vertex 7.48236 16.0681 4
      vertex 8.40901 11.591 4
    endloop
  endfacet
  facet normal 0 0 1
    outer loop
      vertex 7 16.2679 4
      vertex 8.40901 11.591 4
      vertex 7.48236 16.0681 4
    endloop
  endfacet
  facet normal 0 0 1
    outer loop
      vertex 8.40901 11.591 4
      vertex 7 16.2679 4
      vertex 8.12919 11.25 4
    endloop
  endfacet
  facet normal 0 0 1
    outer loop
      vertex 8.12919 11.25 4
      vertex 7 16.2679 4
      vertex 7.92127 10.861 4
    endloop
  endfacet
  facet normal 0 0 1
    outer loop
      vertex 6.58579 16.5858 4
      vertex 7.92127 10.861 4
      vertex 7 16.2679 4
    endloop
  endfacet
  facet normal 0 0 1
    outer loop
      vertex 61.3304 86.6111 4
      vertex 128.67 86.6111 4
      vertex 61.4782 86.8877 4
    endloop
  endfacet
  facet normal 0 0 1
    outer loop
      vertex 128.67 33.3889 4
      vertex 61.5693 32.8121 4
      vertex 61.6 32.5 4
    endloop
  endfacet
  facet normal 0 0 1
    outer loop
      vertex 128.67 86.6111 4
      vertex 61.3304 86.6111 4
      vertex 128.67 33.3889 4
    endloop
  endfacet
  facet normal 0 0 1
    outer loop
      vertex 128.67 33.3889 4
      vertex 61.4782 33.1123 4
      vertex 61.5693 32.8121 4
    endloop
  endfacet
  facet normal 0 0 1
    outer loop
      vertex 61.3304 33.3889 4
      vertex 128.67 33.3889 4
      vertex 61.3304 86.6111 4
    endloop
  endfacet
  facet normal 0 0 1
    outer loop
      vertex 128.67 33.3889 4
      vertex 61.3304 33.3889 4
      vertex 61.4782 33.1123 4
    endloop
  endfacet
  facet normal -0 0 1
    outer loop
      vertex 61.1314 86.3686 4
      vertex 61.3304 33.3889 4
      vertex 61.3304 86.6111 4
    endloop
  endfacet
  facet normal 0 0 1
    outer loop
      vertex 61.1314 86.3686 4
      vertex 61.1314 33.6314 4
      vertex 61.3304 33.3889 4
    endloop
  endfacet
  facet normal -0 0 1
    outer loop
      vertex 60.8889 86.1696 4
      vertex 61.1314 33.6314 4
      vertex 61.1314 86.3686 4
    endloop
  endfacet
  facet normal 0 0 1
    outer loop
      vertex 60.8889 86.1696 4
      vertex 60.8889 33.8304 4
      vertex 61.1314 33.6314 4
    endloop
  endfacet
  facet normal -0 0 1
    outer loop
      vertex 60.6123 86.0218 4
      vertex 60.8889 33.8304 4
      vertex 60.8889 86.1696 4
    endloop
  endfacet
  facet normal 0 0 1
    outer loop
      vertex 60.6123 86.0218 4
      vertex 60.6123 33.9782 4
      vertex 60.8889 33.8304 4
    endloop
  endfacet
  facet normal -0 0 1
    outer loop
      vertex 60.3121 85.9307 4
      vertex 60.6123 33.9782 4
      vertex 60.6123 86.0218 4
    endloop
  endfacet
  facet normal 0 0 1
    outer loop
      vertex 60.3121 85.9307 4
      vertex 60.3121 34.0693 4
      vertex 60.6123 33.9782 4
    endloop
  endfacet
  facet normal -0 0 1
    outer loop
      vertex 60 85.9 4
      vertex 60.3121 34.0693 4
      vertex 60.3121 85.9307 4
    endloop
  endfacet
  facet normal 0 0 1
    outer loop
      vertex 60 85.9 4
      vertex 60 34.1 4
      vertex 60.3121 34.0693 4
    endloop
  endfacet
  facet normal 0 0 1
    outer loop
      vertex 59.6879 85.9307 4
      vertex 60 34.1 4
      vertex 60 85.9 4
    endloop
  endfacet
  facet normal 0 0 1
    outer loop
      vertex 59.6879 85.9307 4
      vertex 59.6879 34.0693 4
      vertex 60 34.1 4
    endloop
  endfacet
  facet normal 0 0 1
    outer loop
      vertex 59.3877 86.0218 4
      vertex 59.6879 34.0693 4
      vertex 59.6879 85.9307 4
    endloop
  endfacet
  facet normal 0 0 1
    outer loop
      vertex 59.3877 86.0218 4
      vertex 59.3877 33.9782 4
      vertex 59.6879 34.0693 4
    endloop
  endfacet
  facet normal 0 0 1
    outer loop
      vertex 59.1111 86.1696 4
      vertex 59.3877 33.9782 4
      vertex 59.3877 86.0218 4
    endloop
  endfacet
  facet normal 0 0 1
    outer loop
      vertex 59.1111 86.1696 4
      vertex 59.1111 33.8304 4
      vertex 59.3877 33.9782 4
    endloop
  endfacet
  facet normal 0 0 1
    outer loop
      vertex 58.8686 86.3686 4
      vertex 59.1111 33.8304 4
      vertex 59.1111 86.1696 4
    endloop
  endfacet
  facet normal 0 0 1
    outer loop
      vertex 58.8686 86.3686 4
      vertex 58.8686 33.6314 4
      vertex 59.1111 33.8304 4
    endloop
  endfacet
  facet normal 0 0 1
    outer loop
      vertex 36 20 4
      vertex 58.8686 86.3686 4
      vertex 58.6696 86.6111 4
    endloop
  endfacet
  facet normal 0 0 1
    outer loop
      vertex 58.8686 86.3686 4
      vertex 36 20 4
      vertex 58.8686 33.6314 4
    endloop
  endfacet
  facet normal 0 0 1
    outer loop
      vertex 10.439 107.793 4
      vertex 58.6696 86.6111 4
      vertex 58.5218 86.8877 4
    endloop
  endfacet
  facet normal 0 0 1
    outer loop
      vertex 58.8686 33.6314 4
      vertex 36 20 4
      vertex 58.6696 33.3889 4
    endloop
  endfacet
  facet normal 0 0 1
    outer loop
      vertex 10.861 107.921 4
      vertex 58.5218 86.8877 4
      vertex 58.4307 87.1879 4
    endloop
  endfacet
  facet normal 0 0 1
    outer loop
      vertex 58.6696 33.3889 4
      vertex 36 20 4
      vertex 58.5218 33.1123 4
    endloop
  endfacet
  facet normal 0 0 1
    outer loop
      vertex 11.25 108.129 4
      vertex 58.4307 87.1879 4
      vertex 58.4 87.5 4
    endloop
  endfacet
  facet normal 0 -0 1
    outer loop
      vertex 36.5176 19.9319 4
      vertex 58.5218 33.1123 4
      vertex 36 20 4
    endloop
  endfacet
  facet normal -0 0 1
    outer loop
      vertex 130.889 86.1696 4
      vertex 155.085 70.647 4
      vertex 131.131 86.3686 4
    endloop
  endfacet
  facet normal 0 0 1
    outer loop
      vertex 155.085 50.647 4
      vertex 131.569 32.8121 4
      vertex 131.6 32.5 4
    endloop
  endfacet
  facet normal 0 0 1
    outer loop
      vertex 155.085 70.647 4
      vertex 130.889 86.1696 4
      vertex 155 70 4
    endloop
  endfacet
  facet normal 0 0 1
    outer loop
      vertex 155.085 50.647 4
      vertex 131.478 33.1123 4
      vertex 131.569 32.8121 4
    endloop
  endfacet
  facet normal -0 0 1
    outer loop
      vertex 130.612 86.0218 4
      vertex 155 70 4
      vertex 130.889 86.1696 4
    endloop
  endfacet
  facet normal 0 0 1
    outer loop
      vertex 155.085 50.647 4
      vertex 131.33 33.3889 4
      vertex 131.478 33.1123 4
    endloop
  endfacet
  facet normal -0 0 1
    outer loop
      vertex 130.312 85.9307 4
      vertex 155 70 4
      vertex 130.612 86.0218 4
    endloop
  endfacet
  facet normal 0 0 1
    outer loop
      vertex 155.085 50.647 4
      vertex 131.131 33.6314 4
      vertex 131.33 33.3889 4
    endloop
  endfacet
  facet normal 0 0 1
    outer loop
      vertex 155 70 4
      vertex 130.312 85.9307 4
      vertex 155.085 69.353 4
    endloop
  endfacet
  facet normal 0 0 1
    outer loop
      vertex 155.085 50.647 4
      vertex 130.889 33.8304 4
      vertex 131.131 33.6314 4
    endloop
  endfacet
  facet normal -0 0 1
    outer loop
      vertex 130 85.9 4
      vertex 155.085 69.353 4
      vertex 130.312 85.9307 4
    endloop
  endfacet
  facet normal 0 0 1
    outer loop
      vertex 155.085 50.647 4
      vertex 130.612 33.9782 4
      vertex 130.889 33.8304 4
    endloop
  endfacet
  facet normal 0 0 1
    outer loop
      vertex 155.085 69.353 4
      vertex 130 85.9 4
      vertex 155.085 50.647 4
    endloop
  endfacet
  facet normal 0 0 1
    outer loop
      vertex 155.085 50.647 4
      vertex 130.312 34.0693 4
      vertex 130.612 33.9782 4
    endloop
  endfacet
  facet normal 0 0 1
    outer loop
      vertex 130 34.1 4
      vertex 155.085 50.647 4
      vertex 130 85.9 4
    endloop
  endfacet
  facet normal 0 0 1
    outer loop
      vertex 155.085 50.647 4
      vertex 130 34.1 4
      vertex 130.312 34.0693 4
    endloop
  endfacet
  facet normal 0 0 1
    outer loop
      vertex 129.688 85.9307 4
      vertex 130 34.1 4
      vertex 130 85.9 4
    endloop
  endfacet
  facet normal 0 0 1
    outer loop
      vertex 129.688 85.9307 4
      vertex 129.688 34.0693 4
      vertex 130 34.1 4
    endloop
  endfacet
  facet normal 0 0 1
    outer loop
      vertex 129.388 86.0218 4
      vertex 129.688 34.0693 4
      vertex 129.688 85.9307 4
    endloop
  endfacet
  facet normal 0 0 1
    outer loop
      vertex 129.388 86.0218 4
      vertex 129.388 33.9782 4
      vertex 129.688 34.0693 4
    endloop
  endfacet
  facet normal 0 0 1
    outer loop
      vertex 129.111 86.1696 4
      vertex 129.388 33.9782 4
      vertex 129.388 86.0218 4
    endloop
  endfacet
  facet normal 0 0 1
    outer loop
      vertex 129.111 86.1696 4
      vertex 129.111 33.8304 4
      vertex 129.388 33.9782 4
    endloop
  endfacet
  facet normal 0 0 1
    outer loop
      vertex 128.869 86.3686 4
      vertex 129.111 33.8304 4
      vertex 129.111 86.1696 4
    endloop
  endfacet
  facet normal 0 0 1
    outer loop
      vertex 128.869 86.3686 4
      vertex 128.869 33.6314 4
      vertex 129.111 33.8304 4
    endloop
  endfacet
  facet normal 0 0 1
    outer loop
      vertex 128.67 86.6111 4
      vertex 128.869 33.6314 4
      vertex 128.869 86.3686 4
    endloop
  endfacet
  facet normal 0 0 1
    outer loop
      vertex 128.67 86.6111 4
      vertex 128.67 33.3889 4
      vertex 128.869 33.6314 4
    endloop
  endfacet
  facet normal 0 0 1
    outer loop
      vertex 128.431 87.1879 4
      vertex 61.5693 87.1879 4
      vertex 128.522 86.8877 4
    endloop
  endfacet
  facet normal 0 0 1
    outer loop
      vertex 61.4782 86.8877 4
      vertex 128.522 86.8877 4
      vertex 61.5693 87.1879 4
    endloop
  endfacet
  facet normal 0 0 1
    outer loop
      vertex 61.5693 87.1879 4
      vertex 128.431 87.1879 4
      vertex 61.6 87.5 4
    endloop
  endfacet
  facet normal 0 0 1
    outer loop
      vertex 128.522 86.8877 4
      vertex 61.4782 86.8877 4
      vertex 128.67 86.6111 4
    endloop
  endfacet
  facet normal -0 0 1
    outer loop
      vertex 61.6 87.5 4
      vertex 128.431 87.1879 4
      vertex 128.4 87.5 4
    endloop
  endfacet
  facet normal 0 0 1
    outer loop
      vertex 128.67 33.3889 4
      vertex 61.6 32.5 4
      vertex 128.522 33.1123 4
    endloop
  endfacet
  facet normal -0 0 1
    outer loop
      vertex 168.915 30.647 4
      vertex 181.25 11.8708 4
      vertex 168.915 49.353 4
    endloop
  endfacet
  facet normal 0 0 1
    outer loop
      vertex 181.25 11.8708 4
      vertex 168.915 30.647 4
      vertex 169 30 4
    endloop
  endfacet
  facet normal -0 0 1
    outer loop
      vertex 168.665 48.75 4
      vertex 168.915 30.647 4
      vertex 168.915 49.353 4
    endloop
  endfacet
  facet normal 0 0 1
    outer loop
      vertex 168.665 48.75 4
      vertex 168.665 31.25 4
      vertex 168.915 30.647 4
    endloop
  endfacet
  facet normal -0 0 1
    outer loop
      vertex 168.268 48.2322 4
      vertex 168.665 31.25 4
      vertex 168.665 48.75 4
    endloop
  endfacet
  facet normal 0 0 1
    outer loop
      vertex 168.268 48.2322 4
      vertex 168.268 31.7678 4
      vertex 168.665 31.25 4
    endloop
  endfacet
  facet normal -0 0 1
    outer loop
      vertex 167.75 47.8349 4
      vertex 168.268 31.7678 4
      vertex 168.268 48.2322 4
    endloop
  endfacet
  facet normal 0 0 1
    outer loop
      vertex 167.75 47.8349 4
      vertex 167.75 32.1651 4
      vertex 168.268 31.7678 4
    endloop
  endfacet
  facet normal -0 0 1
    outer loop
      vertex 167.147 47.5852 4
      vertex 167.75 32.1651 4
      vertex 167.75 47.8349 4
    endloop
  endfacet
  facet normal 0 0 1
    outer loop
      vertex 167.147 47.5852 4
      vertex 167.147 32.4148 4
      vertex 167.75 32.1651 4
    endloop
  endfacet
  facet normal -0 0 1
    outer loop
      vertex 166.5 47.5 4
      vertex 167.147 32.4148 4
      vertex 167.147 47.5852 4
    endloop
  endfacet
  facet normal 0 0 1
    outer loop
      vertex 166.5 47.5 4
      vertex 166.5 32.5 4
      vertex 167.147 32.4148 4
    endloop
  endfacet
  facet normal -0 0 1
    outer loop
      vertex 157.5 47.5 4
      vertex 166.5 32.5 4
      vertex 166.5 47.5 4
    endloop
  endfacet
  facet normal 0 0 1
    outer loop
      vertex 157.5 47.5 4
      vertex 157.5 32.5 4
      vertex 166.5 32.5 4
    endloop
  endfacet
  facet normal 0 0 1
    outer loop
      vertex 156.853 47.5852 4
      vertex 157.5 32.5 4
      vertex 157.5 47.5 4
    endloop
  endfacet
  facet normal 0 0 1
    outer loop
      vertex 156.853 47.5852 4
      vertex 156.853 32.4148 4
      vertex 157.5 32.5 4
    endloop
  endfacet
  facet normal 0 0 1
    outer loop
      vertex 156.25 47.8349 4
      vertex 156.853 32.4148 4
      vertex 156.853 47.5852 4
    endloop
  endfacet
  facet normal 0 0 1
    outer loop
      vertex 156.25 47.8349 4
      vertex 156.25 32.1651 4
      vertex 156.853 32.4148 4
    endloop
  endfacet
  facet normal 0 0 1
    outer loop
      vertex 155.732 48.2322 4
      vertex 156.25 32.1651 4
      vertex 156.25 47.8349 4
    endloop
  endfacet
  facet normal 0 0 1
    outer loop
      vertex 155.732 48.2322 4
      vertex 155.732 31.7678 4
      vertex 156.25 32.1651 4
    endloop
  endfacet
  facet normal 0 0 1
    outer loop
      vertex 155.335 48.75 4
      vertex 155.732 31.7678 4
      vertex 155.732 48.2322 4
    endloop
  endfacet
  facet normal 0 0 1
    outer loop
      vertex 155.335 48.75 4
      vertex 155.335 31.25 4
      vertex 155.732 31.7678 4
    endloop
  endfacet
  facet normal 0 0 1
    outer loop
      vertex 131.6 32.5 4
      vertex 155.335 48.75 4
      vertex 155.085 49.353 4
    endloop
  endfacet
  facet normal 0 0 1
    outer loop
      vertex 155.335 48.75 4
      vertex 131.6 32.5 4
      vertex 155.335 31.25 4
    endloop
  endfacet
  facet normal 0 0 1
    outer loop
      vertex 131.6 32.5 4
      vertex 155.085 49.353 4
      vertex 155 50 4
    endloop
  endfacet
  facet normal 0 0 1
    outer loop
      vertex 155.335 31.25 4
      vertex 131.6 32.5 4
      vertex 155.085 30.647 4
    endloop
  endfacet
  facet normal -0 0 1
    outer loop
      vertex 168.915 69.353 4
      vertex 169 50 4
      vertex 169 70 4
    endloop
  endfacet
  facet normal 0 0 1
    outer loop
      vertex 168.915 69.353 4
      vertex 168.915 50.647 4
      vertex 169 50 4
    endloop
  endfacet
  facet normal -0 0 1
    outer loop
      vertex 168.665 68.75 4
      vertex 168.915 50.647 4
      vertex 168.915 69.353 4
    endloop
  endfacet
  facet normal 0 0 1
    outer loop
      vertex 168.665 68.75 4
      vertex 168.665 51.25 4
      vertex 168.915 50.647 4
    endloop
  endfacet
  facet normal -0 0 1
    outer loop
      vertex 168.268 68.2322 4
      vertex 168.665 51.25 4
      vertex 168.665 68.75 4
    endloop
  endfacet
  facet normal 0 0 1
    outer loop
      vertex 168.268 68.2322 4
      vertex 168.268 51.7678 4
      vertex 168.665 51.25 4
    endloop
  endfacet
  facet normal -0 0 1
    outer loop
      vertex 167.75 67.8349 4
      vertex 168.268 51.7678 4
      vertex 168.268 68.2322 4
    endloop
  endfacet
  facet normal 0 0 1
    outer loop
      vertex 167.75 67.8349 4
      vertex 167.75 52.1651 4
      vertex 168.268 51.7678 4
    endloop
  endfacet
  facet normal -0 0 1
    outer loop
      vertex 167.147 67.5852 4
      vertex 167.75 52.1651 4
      vertex 167.75 67.8349 4
    endloop
  endfacet
  facet normal 0 0 1
    outer loop
      vertex 167.147 67.5852 4
      vertex 167.147 52.4148 4
      vertex 167.75 52.1651 4
    endloop
  endfacet
  facet normal -0 0 1
    outer loop
      vertex 166.5 67.5 4
      vertex 167.147 52.4148 4
      vertex 167.147 67.5852 4
    endloop
  endfacet
  facet normal 0 0 1
    outer loop
      vertex 166.5 67.5 4
      vertex 166.5 52.5 4
      vertex 167.147 52.4148 4
    endloop
  endfacet
  facet normal -0 0 1
    outer loop
      vertex 157.5 67.5 4
      vertex 166.5 52.5 4
      vertex 166.5 67.5 4
    endloop
  endfacet
  facet normal 0 0 1
    outer loop
      vertex 157.5 67.5 4
      vertex 157.5 52.5 4
      vertex 166.5 52.5 4
    endloop
  endfacet
  facet normal 0 0 1
    outer loop
      vertex 156.853 67.5852 4
      vertex 157.5 52.5 4
      vertex 157.5 67.5 4
    endloop
  endfacet
  facet normal 0 0 1
    outer loop
      vertex 156.853 67.5852 4
      vertex 156.853 52.4148 4
      vertex 157.5 52.5 4
    endloop
  endfacet
  facet normal 0 0 1
    outer loop
      vertex 156.25 67.8349 4
      vertex 156.853 52.4148 4
      vertex 156.853 67.5852 4
    endloop
  endfacet
  facet normal 0 0 1
    outer loop
      vertex 156.25 67.8349 4
      vertex 156.25 52.1651 4
      vertex 156.853 52.4148 4
    endloop
  endfacet
  facet normal 0 0 1
    outer loop
      vertex 155.732 68.2322 4
      vertex 156.25 52.1651 4
      vertex 156.25 67.8349 4
    endloop
  endfacet
  facet normal 0 0 1
    outer loop
      vertex 155.732 68.2322 4
      vertex 155.732 51.7678 4
      vertex 156.25 52.1651 4
    endloop
  endfacet
  facet normal 0 0 1
    outer loop
      vertex 155.335 68.75 4
      vertex 155.732 51.7678 4
      vertex 155.732 68.2322 4
    endloop
  endfacet
  facet normal 0 0 1
    outer loop
      vertex 155.335 68.75 4
      vertex 155.335 51.25 4
      vertex 155.732 51.7678 4
    endloop
  endfacet
  facet normal 0 0 1
    outer loop
      vertex 155.085 69.353 4
      vertex 155.335 51.25 4
      vertex 155.335 68.75 4
    endloop
  endfacet
  facet normal 0 0 1
    outer loop
      vertex 155.085 69.353 4
      vertex 155.085 50.647 4
      vertex 155.335 51.25 4
    endloop
  endfacet
  facet normal -0 0 1
    outer loop
      vertex 131.33 86.6111 4
      vertex 155.335 71.25 4
      vertex 131.478 86.8877 4
    endloop
  endfacet
  facet normal -0 0 1
    outer loop
      vertex 131.131 86.3686 4
      vertex 155.335 71.25 4
      vertex 131.33 86.6111 4
    endloop
  endfacet
  facet normal 0 0 1
    outer loop
      vertex 168.915 70.647 4
      vertex 181.25 108.129 4
      vertex 168.915 89.353 4
    endloop
  endfacet
  facet normal 0 0 1
    outer loop
      vertex 181.25 108.129 4
      vertex 168.915 70.647 4
      vertex 169 70 4
    endloop
  endfacet
  facet normal -0 0 1
    outer loop
      vertex 168.665 88.75 4
      vertex 168.915 70.647 4
      vertex 168.915 89.353 4
    endloop
  endfacet
  facet normal 0 0 1
    outer loop
      vertex 168.665 88.75 4
      vertex 168.665 71.25 4
      vertex 168.915 70.647 4
    endloop
  endfacet
  facet normal -0 0 1
    outer loop
      vertex 168.268 88.2322 4
      vertex 168.665 71.25 4
      vertex 168.665 88.75 4
    endloop
  endfacet
  facet normal 0 0 1
    outer loop
      vertex 168.268 88.2322 4
      vertex 168.268 71.7678 4
      vertex 168.665 71.25 4
    endloop
  endfacet
  facet normal -0 0 1
    outer loop
      vertex 167.75 87.8349 4
      vertex 168.268 71.7678 4
      vertex 168.268 88.2322 4
    endloop
  endfacet
  facet normal 0 0 1
    outer loop
      vertex 167.75 87.8349 4
      vertex 167.75 72.1651 4
      vertex 168.268 71.7678 4
    endloop
  endfacet
  facet normal -0 0 1
    outer loop
      vertex 167.147 87.5852 4
      vertex 167.75 72.1651 4
      vertex 167.75 87.8349 4
    endloop
  endfacet
  facet normal 0 0 1
    outer loop
      vertex 167.147 87.5852 4
      vertex 167.147 72.4148 4
      vertex 167.75 72.1651 4
    endloop
  endfacet
  facet normal -0 0 1
    outer loop
      vertex 166.5 87.5 4
      vertex 167.147 72.4148 4
      vertex 167.147 87.5852 4
    endloop
  endfacet
  facet normal 0 0 1
    outer loop
      vertex 166.5 87.5 4
      vertex 166.5 72.5 4
      vertex 167.147 72.4148 4
    endloop
  endfacet
  facet normal -0 0 1
    outer loop
      vertex 157.5 87.5 4
      vertex 166.5 72.5 4
      vertex 166.5 87.5 4
    endloop
  endfacet
  facet normal 0 0 1
    outer loop
      vertex 157.5 87.5 4
      vertex 157.5 72.5 4
      vertex 166.5 72.5 4
    endloop
  endfacet
  facet normal 0 0 1
    outer loop
      vertex 156.853 87.5852 4
      vertex 157.5 72.5 4
      vertex 157.5 87.5 4
    endloop
  endfacet
  facet normal 0 0 1
    outer loop
      vertex 156.853 87.5852 4
      vertex 156.853 72.4148 4
      vertex 157.5 72.5 4
    endloop
  endfacet
  facet normal 0 0 1
    outer loop
      vertex 156.25 87.8349 4
      vertex 156.853 72.4148 4
      vertex 156.853 87.5852 4
    endloop
  endfacet
  facet normal 0 0 1
    outer loop
      vertex 156.25 87.8349 4
      vertex 156.25 72.1651 4
      vertex 156.853 72.4148 4
    endloop
  endfacet
  facet normal 0 0 1
    outer loop
      vertex 155.732 88.2322 4
      vertex 156.25 72.1651 4
      vertex 156.25 87.8349 4
    endloop
  endfacet
  facet normal 0 0 1
    outer loop
      vertex 155.732 88.2322 4
      vertex 155.732 71.7678 4
      vertex 156.25 72.1651 4
    endloop
  endfacet
  facet normal 0 0 1
    outer loop
      vertex 155.335 88.75 4
      vertex 155.732 71.7678 4
      vertex 155.732 88.2322 4
    endloop
  endfacet
  facet normal 0 0 1
    outer loop
      vertex 155.335 88.75 4
      vertex 155.335 71.25 4
      vertex 155.732 71.7678 4
    endloop
  endfacet
  facet normal 0 0 1
    outer loop
      vertex 131.569 87.1879 4
      vertex 155.085 89.353 4
      vertex 131.6 87.5 4
    endloop
  endfacet
  facet normal 0 0 1
    outer loop
      vertex 155.085 89.353 4
      vertex 131.569 87.1879 4
      vertex 155.335 88.75 4
    endloop
  endfacet
  facet normal 0 0 1
    outer loop
      vertex 131.6 87.5 4
      vertex 155.085 89.353 4
      vertex 155 90 4
    endloop
  endfacet
  facet normal 0 0 1
    outer loop
      vertex 131.478 86.8877 4
      vertex 155.335 88.75 4
      vertex 131.569 87.1879 4
    endloop
  endfacet
  facet normal 0 0 1
    outer loop
      vertex 181.871 108.75 4
      vertex 190 114 4
      vertex 182.079 109.139 4
    endloop
  endfacet
  facet normal 0 0 1
    outer loop
      vertex 190 6 4
      vertex 182.207 10.439 4
      vertex 182.25 10 4
    endloop
  endfacet
  facet normal 0 0 1
    outer loop
      vertex 181.591 108.409 4
      vertex 190 114 4
      vertex 181.871 108.75 4
    endloop
  endfacet
  facet normal 0 0 1
    outer loop
      vertex 190 6 4
      vertex 182.079 10.861 4
      vertex 182.207 10.439 4
    endloop
  endfacet
  facet normal 0 0 1
    outer loop
      vertex 190 114 4
      vertex 169 70 4
      vertex 190 6 4
    endloop
  endfacet
  facet normal 0 0 1
    outer loop
      vertex 190 6 4
      vertex 181.871 11.25 4
      vertex 182.079 10.861 4
    endloop
  endfacet
  facet normal 0 0 1
    outer loop
      vertex 190 114 4
      vertex 181.591 108.409 4
      vertex 169 70 4
    endloop
  endfacet
  facet normal -0 0 1
    outer loop
      vertex 169 50 4
      vertex 190 6 4
      vertex 169 70 4
    endloop
  endfacet
  facet normal 0 0 1
    outer loop
      vertex 169 70 4
      vertex 181.591 108.409 4
      vertex 181.25 108.129 4
    endloop
  endfacet
  facet normal -0 0 1
    outer loop
      vertex 168.915 49.353 4
      vertex 190 6 4
      vertex 169 50 4
    endloop
  endfacet
  facet normal 0 0 1
    outer loop
      vertex 169 90 4
      vertex 181.25 108.129 4
      vertex 180.861 107.921 4
    endloop
  endfacet
  facet normal 0 0 1
    outer loop
      vertex 190 6 4
      vertex 181.591 11.591 4
      vertex 181.871 11.25 4
    endloop
  endfacet
  facet normal 0 0 1
    outer loop
      vertex 169 90 4
      vertex 180.861 107.921 4
      vertex 180.439 107.793 4
    endloop
  endfacet
  facet normal 0 0 1
    outer loop
      vertex 190 6 4
      vertex 168.915 49.353 4
      vertex 181.591 11.591 4
    endloop
  endfacet
  facet normal 0 0 1
    outer loop
      vertex 168.915 90.647 4
      vertex 180.439 107.793 4
      vertex 180 107.75 4
    endloop
  endfacet
  facet normal 0 0 1
    outer loop
      vertex 181.591 11.591 4
      vertex 168.915 49.353 4
      vertex 181.25 11.8708 4
    endloop
  endfacet
  facet normal 0 0 1
    outer loop
      vertex 168.665 91.25 4
      vertex 180 107.75 4
      vertex 179.561 107.793 4
    endloop
  endfacet
  facet normal 0 0 1
    outer loop
      vertex 181.25 11.8708 4
      vertex 169 30 4
      vertex 180.861 12.0787 4
    endloop
  endfacet
  facet normal 0 0 1
    outer loop
      vertex 168.268 91.7678 4
      vertex 179.561 107.793 4
      vertex 179.139 107.921 4
    endloop
  endfacet
  facet normal 0 0 1
    outer loop
      vertex 180.861 12.0787 4
      vertex 169 30 4
      vertex 180.439 12.2068 4
    endloop
  endfacet
  facet normal 0 0 1
    outer loop
      vertex 168.268 91.7678 4
      vertex 179.139 107.921 4
      vertex 178.75 108.129 4
    endloop
  endfacet
  facet normal -0 0 1
    outer loop
      vertex 168.915 29.353 4
      vertex 180.439 12.2068 4
      vertex 169 30 4
    endloop
  endfacet
  facet normal 0 0 1
    outer loop
      vertex 167.75 92.1651 4
      vertex 178.75 108.129 4
      vertex 178.409 108.409 4
    endloop
  endfacet
  facet normal 0 0 1
    outer loop
      vertex 180.439 12.2068 4
      vertex 168.915 29.353 4
      vertex 180 12.25 4
    endloop
  endfacet
  facet normal 0 0 1
    outer loop
      vertex 167.147 92.4148 4
      vertex 178.409 108.409 4
      vertex 178.129 108.75 4
    endloop
  endfacet
  facet normal -0 0 1
    outer loop
      vertex 168.665 28.75 4
      vertex 180 12.25 4
      vertex 168.915 29.353 4
    endloop
  endfacet
  facet normal 0 0 1
    outer loop
      vertex 166.5 92.5 4
      vertex 178.129 108.75 4
      vertex 177.921 109.139 4
    endloop
  endfacet
  facet normal 0 0 1
    outer loop
      vertex 180 12.25 4
      vertex 168.665 28.75 4
      vertex 179.561 12.2068 4
    endloop
  endfacet
  facet normal 0 0 1
    outer loop
      vertex 166.5 92.5 4
      vertex 177.921 109.139 4
      vertex 177.793 109.561 4
    endloop
  endfacet
  facet normal -0 0 1
    outer loop
      vertex 168.268 28.2322 4
      vertex 179.561 12.2068 4
      vertex 168.665 28.75 4
    endloop
  endfacet
  facet normal 0 0 1
    outer loop
      vertex 157.5 92.5 4
      vertex 177.793 109.561 4
      vertex 177.75 110 4
    endloop
  endfacet
  facet normal 0 0 1
    outer loop
      vertex 179.561 12.2068 4
      vertex 168.268 28.2322 4
      vertex 179.139 12.0787 4
    endloop
  endfacet
  facet normal 0 0 1
    outer loop
      vertex 181.871 111.25 4
      vertex 190 114 4
      vertex 189.885 115.171 4
    endloop
  endfacet
  facet normal 0 0 1
    outer loop
      vertex 182.207 109.561 4
      vertex 190 114 4
      vertex 182.25 110 4
    endloop
  endfacet
  facet normal 0 0 1
    outer loop
      vertex 181.871 111.25 4
      vertex 189.885 115.171 4
      vertex 189.543 116.296 4
    endloop
  endfacet
  facet normal 0 0 1
    outer loop
      vertex 182.079 109.139 4
      vertex 190 114 4
      vertex 182.207 109.561 4
    endloop
  endfacet
  facet normal 0 0 1
    outer loop
      vertex 181.591 111.591 4
      vertex 189.543 116.296 4
      vertex 188.989 117.333 4
    endloop
  endfacet
  facet normal -0 0 1
    outer loop
      vertex 182.207 9.56105 4
      vertex 190 6 4
      vertex 182.25 10 4
    endloop
  endfacet
  facet normal 0 0 1
    outer loop
      vertex 181.591 111.591 4
      vertex 188.989 117.333 4
      vertex 188.243 118.243 4
    endloop
  endfacet
  facet normal -0 0 1
    outer loop
      vertex 182.079 9.13896 4
      vertex 190 6 4
      vertex 182.207 9.56105 4
    endloop
  endfacet
  facet normal 0 0 1
    outer loop
      vertex 181.591 111.591 4
      vertex 188.243 118.243 4
      vertex 187.333 118.989 4
    endloop
  endfacet
  facet normal -0 0 1
    outer loop
      vertex 181.871 8.74997 4
      vertex 190 6 4
      vertex 182.079 9.13896 4
    endloop
  endfacet
  facet normal 0 0 1
    outer loop
      vertex 181.591 111.591 4
      vertex 187.333 118.989 4
      vertex 186.296 119.543 4
    endloop
  endfacet
  facet normal 0 0 1
    outer loop
      vertex 190 6 4
      vertex 181.871 8.74997 4
      vertex 189.885 4.82946 4
    endloop
  endfacet
  facet normal 0 0 1
    outer loop
      vertex 181.591 111.591 4
      vertex 186.296 119.543 4
      vertex 185.171 119.885 4
    endloop
  endfacet
  facet normal 0 0 1
    outer loop
      vertex 189.885 4.82946 4
      vertex 181.871 8.74997 4
      vertex 189.543 3.7039 4
    endloop
  endfacet
  facet normal 0 0 1
    outer loop
      vertex 181.25 111.871 4
      vertex 185.171 119.885 4
      vertex 184 120 4
    endloop
  endfacet
  facet normal -0 0 1
    outer loop
      vertex 181.591 8.40901 4
      vertex 189.543 3.7039 4
      vertex 181.871 8.74997 4
    endloop
  endfacet
  facet normal 0 0 1
    outer loop
      vertex 189.543 3.7039 4
      vertex 181.591 8.40901 4
      vertex 188.989 2.66658 4
    endloop
  endfacet
  facet normal 0 0 1
    outer loop
      vertex 190 114 4
      vertex 182.207 110.439 4
      vertex 182.25 110 4
    endloop
  endfacet
  facet normal 0 0 1
    outer loop
      vertex 190 114 4
      vertex 182.079 110.861 4
      vertex 182.207 110.439 4
    endloop
  endfacet
  facet normal 0 0 1
    outer loop
      vertex 190 114 4
      vertex 181.871 111.25 4
      vertex 182.079 110.861 4
    endloop
  endfacet
  facet normal 0 0 1
    outer loop
      vertex 189.543 116.296 4
      vertex 181.591 111.591 4
      vertex 181.871 111.25 4
    endloop
  endfacet
  facet normal 0 0 1
    outer loop
      vertex 185.171 119.885 4
      vertex 181.25 111.871 4
      vertex 181.591 111.591 4
    endloop
  endfacet
  facet normal 0 0 1
    outer loop
      vertex 184 120 4
      vertex 180.861 112.079 4
      vertex 181.25 111.871 4
    endloop
  endfacet
  facet normal 0 0 1
    outer loop
      vertex 184 120 4
      vertex 180.439 112.207 4
      vertex 180.861 112.079 4
    endloop
  endfacet
  facet normal 0 0 1
    outer loop
      vertex 184 120 4
      vertex 180 112.25 4
      vertex 180.439 112.207 4
    endloop
  endfacet
  facet normal 0 0 1
    outer loop
      vertex 184 120 4
      vertex 179.561 112.207 4
      vertex 180 112.25 4
    endloop
  endfacet
  facet normal 0 0 1
    outer loop
      vertex 184 120 4
      vertex 179.139 112.079 4
      vertex 179.561 112.207 4
    endloop
  endfacet
  facet normal 0 0 1
    outer loop
      vertex 184 120 4
      vertex 178.75 111.871 4
      vertex 179.139 112.079 4
    endloop
  endfacet
  facet normal 0 0 1
    outer loop
      vertex 184 120 4
      vertex 178.409 111.591 4
      vertex 178.75 111.871 4
    endloop
  endfacet
  facet normal 0 0 1
    outer loop
      vertex 184 120 4
      vertex 178.129 111.25 4
      vertex 178.409 111.591 4
    endloop
  endfacet
  facet normal 0 0 1
    outer loop
      vertex 168.915 89.353 4
      vertex 181.25 108.129 4
      vertex 169 90 4
    endloop
  endfacet
  facet normal 0 0 1
    outer loop
      vertex 157.5 92.5 4
      vertex 177.75 110 4
      vertex 177.793 110.439 4
    endloop
  endfacet
  facet normal 0 0 1
    outer loop
      vertex 156.853 92.4148 4
      vertex 177.793 110.439 4
      vertex 177.921 110.861 4
    endloop
  endfacet
  facet normal 0 0 1
    outer loop
      vertex 180.439 107.793 4
      vertex 168.915 90.647 4
      vertex 169 90 4
    endloop
  endfacet
  facet normal 0 0 1
    outer loop
      vertex 180 107.75 4
      vertex 168.665 91.25 4
      vertex 168.915 90.647 4
    endloop
  endfacet
  facet normal 0 0 1
    outer loop
      vertex 179.561 107.793 4
      vertex 168.268 91.7678 4
      vertex 168.665 91.25 4
    endloop
  endfacet
  facet normal 0 0 1
    outer loop
      vertex 178.75 108.129 4
      vertex 167.75 92.1651 4
      vertex 168.268 91.7678 4
    endloop
  endfacet
  facet normal 0 0 1
    outer loop
      vertex 156.853 92.4148 4
      vertex 177.921 110.861 4
      vertex 178.129 111.25 4
    endloop
  endfacet
  facet normal 0 0 1
    outer loop
      vertex 178.409 108.409 4
      vertex 167.147 92.4148 4
      vertex 167.75 92.1651 4
    endloop
  endfacet
  facet normal 0 0 1
    outer loop
      vertex 178.129 108.75 4
      vertex 166.5 92.5 4
      vertex 167.147 92.4148 4
    endloop
  endfacet
  facet normal 0 0 1
    outer loop
      vertex 177.793 109.561 4
      vertex 157.5 92.5 4
      vertex 166.5 92.5 4
    endloop
  endfacet
  facet normal 0 0 1
    outer loop
      vertex 130 89.1 4
      vertex 178.129 111.25 4
      vertex 184 120 4
    endloop
  endfacet
  facet normal 0 0 1
    outer loop
      vertex 177.793 110.439 4
      vertex 156.853 92.4148 4
      vertex 157.5 92.5 4
    endloop
  endfacet
  facet normal 0 0 1
    outer loop
      vertex 178.129 111.25 4
      vertex 156.25 92.1651 4
      vertex 156.853 92.4148 4
    endloop
  endfacet
  facet normal 0 0 1
    outer loop
      vertex 178.129 111.25 4
      vertex 130.312 89.0693 4
      vertex 156.25 92.1651 4
    endloop
  endfacet
  facet normal 0 0 1
    outer loop
      vertex 155.335 88.75 4
      vertex 131.478 86.8877 4
      vertex 155.335 71.25 4
    endloop
  endfacet
  facet normal 0 0 1
    outer loop
      vertex 155.335 71.25 4
      vertex 131.131 86.3686 4
      vertex 155.085 70.647 4
    endloop
  endfacet
  facet normal 0 0 1
    outer loop
      vertex 155.085 50.647 4
      vertex 131.6 32.5 4
      vertex 155 50 4
    endloop
  endfacet
  facet normal 0 0 1
    outer loop
      vertex 131.478 88.1123 4
      vertex 155 90 4
      vertex 155.085 90.647 4
    endloop
  endfacet
  facet normal 0 0 1
    outer loop
      vertex 131.33 88.3889 4
      vertex 155.085 90.647 4
      vertex 155.335 91.25 4
    endloop
  endfacet
  facet normal 0 0 1
    outer loop
      vertex 131.131 88.6314 4
      vertex 155.335 91.25 4
      vertex 155.732 91.7678 4
    endloop
  endfacet
  facet normal 0 -0 1
    outer loop
      vertex 130.612 88.9782 4
      vertex 156.25 92.1651 4
      vertex 130.312 89.0693 4
    endloop
  endfacet
  facet normal 0 0 1
    outer loop
      vertex 155 90 4
      vertex 131.569 87.8121 4
      vertex 131.6 87.5 4
    endloop
  endfacet
  facet normal 0 0 1
    outer loop
      vertex 155 90 4
      vertex 131.478 88.1123 4
      vertex 131.569 87.8121 4
    endloop
  endfacet
  facet normal 0 0 1
    outer loop
      vertex 155.085 90.647 4
      vertex 131.33 88.3889 4
      vertex 131.478 88.1123 4
    endloop
  endfacet
  facet normal 0 0 1
    outer loop
      vertex 155.335 91.25 4
      vertex 131.131 88.6314 4
      vertex 131.33 88.3889 4
    endloop
  endfacet
  facet normal 0 0 1
    outer loop
      vertex 155.732 91.7678 4
      vertex 130.889 88.8304 4
      vertex 131.131 88.6314 4
    endloop
  endfacet
  facet normal 0 0 1
    outer loop
      vertex 155.732 91.7678 4
      vertex 130.612 88.9782 4
      vertex 130.889 88.8304 4
    endloop
  endfacet
  facet normal 0 0 1
    outer loop
      vertex 156.25 92.1651 4
      vertex 130.612 88.9782 4
      vertex 155.732 91.7678 4
    endloop
  endfacet
  facet normal 0 0 1
    outer loop
      vertex 178.129 111.25 4
      vertex 130 89.1 4
      vertex 130.312 89.0693 4
    endloop
  endfacet
  facet normal 0 0 1
    outer loop
      vertex 184 120 4
      vertex 129.688 89.0693 4
      vertex 130 89.1 4
    endloop
  endfacet
  facet normal 0 0 1
    outer loop
      vertex 60.3121 89.0693 4
      vertex 129.688 89.0693 4
      vertex 184 120 4
    endloop
  endfacet
  facet normal 0 0 1
    outer loop
      vertex 129.688 89.0693 4
      vertex 60.3121 89.0693 4
      vertex 129.388 88.9782 4
    endloop
  endfacet
  facet normal 0 0 1
    outer loop
      vertex 128.522 33.1123 4
      vertex 61.6 32.5 4
      vertex 128.431 32.8121 4
    endloop
  endfacet
  facet normal 0 0 1
    outer loop
      vertex 128.431 87.8121 4
      vertex 61.6 87.5 4
      vertex 128.4 87.5 4
    endloop
  endfacet
  facet normal 0 0 1
    outer loop
      vertex 61.5693 87.8121 4
      vertex 128.431 87.8121 4
      vertex 128.522 88.1123 4
    endloop
  endfacet
  facet normal 0 0 1
    outer loop
      vertex 61.4782 88.1123 4
      vertex 128.522 88.1123 4
      vertex 128.67 88.3889 4
    endloop
  endfacet
  facet normal 0 0 1
    outer loop
      vertex 61.3304 88.3889 4
      vertex 128.67 88.3889 4
      vertex 128.869 88.6314 4
    endloop
  endfacet
  facet normal 0 0 1
    outer loop
      vertex 61.1314 88.6314 4
      vertex 128.869 88.6314 4
      vertex 129.111 88.8304 4
    endloop
  endfacet
  facet normal 0 -0 1
    outer loop
      vertex 60.6123 88.9782 4
      vertex 129.388 88.9782 4
      vertex 60.3121 89.0693 4
    endloop
  endfacet
  facet normal 0 0 1
    outer loop
      vertex 128.431 87.8121 4
      vertex 61.5693 87.8121 4
      vertex 61.6 87.5 4
    endloop
  endfacet
  facet normal 0 0 1
    outer loop
      vertex 128.522 88.1123 4
      vertex 61.4782 88.1123 4
      vertex 61.5693 87.8121 4
    endloop
  endfacet
  facet normal 0 0 1
    outer loop
      vertex 128.67 88.3889 4
      vertex 61.3304 88.3889 4
      vertex 61.4782 88.1123 4
    endloop
  endfacet
  facet normal 0 0 1
    outer loop
      vertex 128.869 88.6314 4
      vertex 61.1314 88.6314 4
      vertex 61.3304 88.3889 4
    endloop
  endfacet
  facet normal 0 0 1
    outer loop
      vertex 129.111 88.8304 4
      vertex 60.8889 88.8304 4
      vertex 61.1314 88.6314 4
    endloop
  endfacet
  facet normal 0 0 1
    outer loop
      vertex 129.111 88.8304 4
      vertex 60.6123 88.9782 4
      vertex 60.8889 88.8304 4
    endloop
  endfacet
  facet normal 0 0 1
    outer loop
      vertex 129.388 88.9782 4
      vertex 60.6123 88.9782 4
      vertex 129.111 88.8304 4
    endloop
  endfacet
  facet normal -0 0 1
    outer loop
      vertex 6 120 4
      vertex 60.3121 89.0693 4
      vertex 184 120 4
    endloop
  endfacet
  facet normal 0 0 1
    outer loop
      vertex 60.3121 89.0693 4
      vertex 6 120 4
      vertex 60 89.1 4
    endloop
  endfacet
  facet normal 0 0 1
    outer loop
      vertex 58.5218 33.1123 4
      vertex 36.5176 19.9319 4
      vertex 58.4307 32.8121 4
    endloop
  endfacet
  facet normal 0 0 1
    outer loop
      vertex 11.591 108.409 4
      vertex 58.4 87.5 4
      vertex 58.4307 87.8121 4
    endloop
  endfacet
  facet normal 0 0 1
    outer loop
      vertex 58.4 32.5 4
      vertex 37.9319 18.5176 4
      vertex 38 18 4
    endloop
  endfacet
  facet normal 0 0 1
    outer loop
      vertex 58.4 32.5 4
      vertex 37.732 19 4
      vertex 37.9319 18.5176 4
    endloop
  endfacet
  facet normal 0 0 1
    outer loop
      vertex 58.4 32.5 4
      vertex 37.4142 19.4142 4
      vertex 37.732 19 4
    endloop
  endfacet
  facet normal 0 0 1
    outer loop
      vertex 11.8708 108.75 4
      vertex 58.4307 87.8121 4
      vertex 58.5218 88.1123 4
    endloop
  endfacet
  facet normal 0 0 1
    outer loop
      vertex 58.4 32.5 4
      vertex 37 19.732 4
      vertex 37.4142 19.4142 4
    endloop
  endfacet
  facet normal 0 0 1
    outer loop
      vertex 58.4307 32.8121 4
      vertex 37 19.732 4
      vertex 58.4 32.5 4
    endloop
  endfacet
  facet normal 0 -0 1
    outer loop
      vertex 37 19.732 4
      vertex 58.4307 32.8121 4
      vertex 36.5176 19.9319 4
    endloop
  endfacet
  facet normal -0 0 1
    outer loop
      vertex 12.0787 109.139 4
      vertex 58.6696 88.3889 4
      vertex 12.2068 109.561 4
    endloop
  endfacet
  facet normal 0 0 1
    outer loop
      vertex 58.8686 88.6314 4
      vertex 12.2068 109.561 4
      vertex 58.6696 88.3889 4
    endloop
  endfacet
  facet normal -0 0 1
    outer loop
      vertex 12.2068 109.561 4
      vertex 58.8686 88.6314 4
      vertex 12.25 110 4
    endloop
  endfacet
  facet normal 0 0 1
    outer loop
      vertex 59.1111 88.8304 4
      vertex 12.25 110 4
      vertex 58.8686 88.6314 4
    endloop
  endfacet
  facet normal 0 0 1
    outer loop
      vertex 12.2068 110.439 4
      vertex 59.1111 88.8304 4
      vertex 59.3877 88.9782 4
    endloop
  endfacet
  facet normal 0 0 1
    outer loop
      vertex 12.0787 110.861 4
      vertex 59.3877 88.9782 4
      vertex 59.6879 89.0693 4
    endloop
  endfacet
  facet normal -0 -0 1
    outer loop
      vertex 11.8708 111.25 4
      vertex 60 89.1 4
      vertex 6 120 4
    endloop
  endfacet
  facet normal 0 0 1
    outer loop
      vertex 59.1111 88.8304 4
      vertex 12.2068 110.439 4
      vertex 12.25 110 4
    endloop
  endfacet
  facet normal 0 0 1
    outer loop
      vertex 59.3877 88.9782 4
      vertex 12.0787 110.861 4
      vertex 12.2068 110.439 4
    endloop
  endfacet
  facet normal 0 0 1
    outer loop
      vertex 59.6879 89.0693 4
      vertex 11.8708 111.25 4
      vertex 12.0787 110.861 4
    endloop
  endfacet
  facet normal 0 0 1
    outer loop
      vertex 60 89.1 4
      vertex 11.8708 111.25 4
      vertex 59.6879 89.0693 4
    endloop
  endfacet
  facet normal 0 0 1
    outer loop
      vertex 11.8708 111.25 4
      vertex 6 120 4
      vertex 11.591 111.591 4
    endloop
  endfacet
  facet normal 0 0 1
    outer loop
      vertex 11.591 111.591 4
      vertex 6 120 4
      vertex 11.25 111.871 4
    endloop
  endfacet
  facet normal 0 0 1
    outer loop
      vertex 11.25 111.871 4
      vertex 6 120 4
      vertex 10.861 112.079 4
    endloop
  endfacet
  facet normal 0 0 1
    outer loop
      vertex 10.861 112.079 4
      vertex 6 120 4
      vertex 10.439 112.207 4
    endloop
  endfacet
  facet normal 0 0 1
    outer loop
      vertex 9.13896 107.921 4
      vertex 7 19.732 4
      vertex 7.48236 19.9319 4
    endloop
  endfacet
  facet normal 0 0 1
    outer loop
      vertex 7.79323 109.561 4
      vertex 0 114 4
      vertex 7 19.732 4
    endloop
  endfacet
  facet normal 0 0 1
    outer loop
      vertex 7 19.732 4
      vertex 0 114 4
      vertex 6.58579 19.4142 4
    endloop
  endfacet
  facet normal 0 0 1
    outer loop
      vertex 6.58579 19.4142 4
      vertex 0 114 4
      vertex 6.26795 19 4
    endloop
  endfacet
  facet normal 0 0 1
    outer loop
      vertex 10.439 112.207 4
      vertex 6 120 4
      vertex 10 112.25 4
    endloop
  endfacet
  facet normal 0 0 1
    outer loop
      vertex 6 120 4
      vertex 9.56105 112.207 4
      vertex 10 112.25 4
    endloop
  endfacet
  facet normal 0 0 1
    outer loop
      vertex 6 120 4
      vertex 9.13896 112.079 4
      vertex 9.56105 112.207 4
    endloop
  endfacet
  facet normal 0 0 1
    outer loop
      vertex 6 120 4
      vertex 8.74997 111.871 4
      vertex 9.13896 112.079 4
    endloop
  endfacet
  facet normal -0 0 1
    outer loop
      vertex 4.82946 119.885 4
      vertex 8.74997 111.871 4
      vertex 6 120 4
    endloop
  endfacet
  facet normal 0 0 1
    outer loop
      vertex 8.74997 111.871 4
      vertex 4.82946 119.885 4
      vertex 8.40901 111.591 4
    endloop
  endfacet
  facet normal -0 0 1
    outer loop
      vertex 3.7039 119.543 4
      vertex 8.40901 111.591 4
      vertex 4.82946 119.885 4
    endloop
  endfacet
  facet normal -0 0 1
    outer loop
      vertex 2.66658 118.989 4
      vertex 8.40901 111.591 4
      vertex 3.7039 119.543 4
    endloop
  endfacet
  facet normal -0 0 1
    outer loop
      vertex 1.75736 118.243 4
      vertex 8.40901 111.591 4
      vertex 2.66658 118.989 4
    endloop
  endfacet
  facet normal -0 0 1
    outer loop
      vertex 1.01118 117.333 4
      vertex 8.40901 111.591 4
      vertex 1.75736 118.243 4
    endloop
  endfacet
  facet normal 0 0 1
    outer loop
      vertex 6.26795 19 4
      vertex 0 114 4
      vertex 6.06815 18.5176 4
    endloop
  endfacet
  facet normal 0 0 1
    outer loop
      vertex 0 6 4
      vertex 6.06815 18.5176 4
      vertex 0 114 4
    endloop
  endfacet
  facet normal -0 0 1
    outer loop
      vertex 0.456722 116.296 4
      vertex 8.40901 111.591 4
      vertex 1.01118 117.333 4
    endloop
  endfacet
  facet normal 0 0 1
    outer loop
      vertex 6.06815 18.5176 4
      vertex 0 6 4
      vertex 6 18 4
    endloop
  endfacet
  facet normal 0 0 1
    outer loop
      vertex 8.40901 111.591 4
      vertex 0.456722 116.296 4
      vertex 8.12919 111.25 4
    endloop
  endfacet
  facet normal 0 0 1
    outer loop
      vertex 6 18 4
      vertex 0 6 4
      vertex 6 0 4
    endloop
  endfacet
  facet normal -0 0 1
    outer loop
      vertex 0.115288 115.171 4
      vertex 8.12919 111.25 4
      vertex 0.456722 116.296 4
    endloop
  endfacet
  facet normal 0 0 1
    outer loop
      vertex 6 0 4
      vertex 0 6 4
      vertex 4.82946 0.115288 4
    endloop
  endfacet
  facet normal -0 0 1
    outer loop
      vertex 0 114 4
      vertex 8.12919 111.25 4
      vertex 0.115288 115.171 4
    endloop
  endfacet
  facet normal 0 0 1
    outer loop
      vertex 4.82946 0.115288 4
      vertex 0 6 4
      vertex 3.7039 0.456722 4
    endloop
  endfacet
  facet normal 0 0 1
    outer loop
      vertex 8.12919 111.25 4
      vertex 0 114 4
      vertex 7.92127 110.861 4
    endloop
  endfacet
  facet normal 0 0 1
    outer loop
      vertex 3.7039 0.456722 4
      vertex 0 6 4
      vertex 2.66658 1.01118 4
    endloop
  endfacet
  facet normal 0 0 1
    outer loop
      vertex 7.92127 110.861 4
      vertex 0 114 4
      vertex 7.79323 110.439 4
    endloop
  endfacet
  facet normal 0 0 1
    outer loop
      vertex 2.66658 1.01118 4
      vertex 0 6 4
      vertex 1.75736 1.75736 4
    endloop
  endfacet
  facet normal 0 0 1
    outer loop
      vertex 7.79323 110.439 4
      vertex 0 114 4
      vertex 7.75 110 4
    endloop
  endfacet
  facet normal 0 0 1
    outer loop
      vertex 1.75736 1.75736 4
      vertex 0 6 4
      vertex 1.01118 2.66658 4
    endloop
  endfacet
  facet normal 0 0 1
    outer loop
      vertex 1.01118 2.66658 4
      vertex 0 6 4
      vertex 0.456722 3.7039 4
    endloop
  endfacet
  facet normal 0 0 1
    outer loop
      vertex 0.456722 3.7039 4
      vertex 0 6 4
      vertex 0.115288 4.82946 4
    endloop
  endfacet
  facet normal 0 0 1
    outer loop
      vertex 188.989 2.66658 4
      vertex 181.591 8.40901 4
      vertex 188.243 1.75736 4
    endloop
  endfacet
  facet normal 0 0 1
    outer loop
      vertex 188.243 1.75736 4
      vertex 181.591 8.40901 4
      vertex 187.333 1.01118 4
    endloop
  endfacet
  facet normal 0 0 1
    outer loop
      vertex 187.333 1.01118 4
      vertex 181.591 8.40901 4
      vertex 186.296 0.456722 4
    endloop
  endfacet
  facet normal 0 0 1
    outer loop
      vertex 186.296 0.456722 4
      vertex 181.591 8.40901 4
      vertex 185.171 0.115288 4
    endloop
  endfacet
  facet normal -0 0 1
    outer loop
      vertex 181.25 8.12919 4
      vertex 185.171 0.115288 4
      vertex 181.591 8.40901 4
    endloop
  endfacet
  facet normal 0 0 1
    outer loop
      vertex 185.171 0.115288 4
      vertex 181.25 8.12919 4
      vertex 184 0 4
    endloop
  endfacet
  facet normal -0 0 1
    outer loop
      vertex 180.861 7.92127 4
      vertex 184 0 4
      vertex 181.25 8.12919 4
    endloop
  endfacet
  facet normal -0 0 1
    outer loop
      vertex 180.439 7.79323 4
      vertex 184 0 4
      vertex 180.861 7.92127 4
    endloop
  endfacet
  facet normal -0 0 1
    outer loop
      vertex 180 7.75 4
      vertex 184 0 4
      vertex 180.439 7.79323 4
    endloop
  endfacet
  facet normal 0 0 1
    outer loop
      vertex 179.561 7.79323 4
      vertex 184 0 4
      vertex 180 7.75 4
    endloop
  endfacet
  facet normal 0 0 1
    outer loop
      vertex 179.139 7.92127 4
      vertex 184 0 4
      vertex 179.561 7.79323 4
    endloop
  endfacet
  facet normal 0 0 1
    outer loop
      vertex 178.75 8.12919 4
      vertex 184 0 4
      vertex 179.139 7.92127 4
    endloop
  endfacet
  facet normal 0 0 1
    outer loop
      vertex 178.409 8.40901 4
      vertex 184 0 4
      vertex 178.75 8.12919 4
    endloop
  endfacet
  facet normal 0 0 1
    outer loop
      vertex 178.129 8.74997 4
      vertex 184 0 4
      vertex 178.409 8.40901 4
    endloop
  endfacet
  facet normal 0 0 1
    outer loop
      vertex 179.139 12.0787 4
      vertex 168.268 28.2322 4
      vertex 178.75 11.8708 4
    endloop
  endfacet
  facet normal -0 0 1
    outer loop
      vertex 167.75 27.8349 4
      vertex 178.75 11.8708 4
      vertex 168.268 28.2322 4
    endloop
  endfacet
  facet normal 0 0 1
    outer loop
      vertex 178.75 11.8708 4
      vertex 167.75 27.8349 4
      vertex 178.409 11.591 4
    endloop
  endfacet
  facet normal -0 0 1
    outer loop
      vertex 167.147 27.5852 4
      vertex 178.409 11.591 4
      vertex 167.75 27.8349 4
    endloop
  endfacet
  facet normal 0 0 1
    outer loop
      vertex 178.409 11.591 4
      vertex 167.147 27.5852 4
      vertex 178.129 11.25 4
    endloop
  endfacet
  facet normal -0 0 1
    outer loop
      vertex 166.5 27.5 4
      vertex 178.129 11.25 4
      vertex 167.147 27.5852 4
    endloop
  endfacet
  facet normal 0 0 1
    outer loop
      vertex 178.129 11.25 4
      vertex 166.5 27.5 4
      vertex 177.921 10.861 4
    endloop
  endfacet
  facet normal 0 0 1
    outer loop
      vertex 177.921 10.861 4
      vertex 166.5 27.5 4
      vertex 177.793 10.439 4
    endloop
  endfacet
  facet normal -0 0 1
    outer loop
      vertex 157.5 27.5 4
      vertex 177.793 10.439 4
      vertex 166.5 27.5 4
    endloop
  endfacet
  facet normal 0 0 1
    outer loop
      vertex 177.793 10.439 4
      vertex 157.5 27.5 4
      vertex 177.75 10 4
    endloop
  endfacet
  facet normal 0 0 1
    outer loop
      vertex 177.75 10 4
      vertex 157.5 27.5 4
      vertex 177.793 9.56105 4
    endloop
  endfacet
  facet normal 0 0 1
    outer loop
      vertex 156.853 27.5852 4
      vertex 177.793 9.56105 4
      vertex 157.5 27.5 4
    endloop
  endfacet
  facet normal 0 0 1
    outer loop
      vertex 177.793 9.56105 4
      vertex 156.853 27.5852 4
      vertex 177.921 9.13896 4
    endloop
  endfacet
  facet normal 0 0 1
    outer loop
      vertex 177.921 9.13896 4
      vertex 156.853 27.5852 4
      vertex 178.129 8.74997 4
    endloop
  endfacet
  facet normal 0 0 1
    outer loop
      vertex 156.25 27.8349 4
      vertex 178.129 8.74997 4
      vertex 156.853 27.5852 4
    endloop
  endfacet
  facet normal 0 0 1
    outer loop
      vertex 130.312 30.9307 4
      vertex 178.129 8.74997 4
      vertex 156.25 27.8349 4
    endloop
  endfacet
  facet normal 0 0 1
    outer loop
      vertex 130.612 31.0218 4
      vertex 156.25 27.8349 4
      vertex 155.732 28.2322 4
    endloop
  endfacet
  facet normal 0 0 1
    outer loop
      vertex 155.085 30.647 4
      vertex 131.6 32.5 4
      vertex 155 30 4
    endloop
  endfacet
  facet normal -0 0 1
    outer loop
      vertex 131.569 32.1879 4
      vertex 155 30 4
      vertex 131.6 32.5 4
    endloop
  endfacet
  facet normal -0 0 1
    outer loop
      vertex 131.478 31.8877 4
      vertex 155 30 4
      vertex 131.569 32.1879 4
    endloop
  endfacet
  facet normal 0 0 1
    outer loop
      vertex 155 30 4
      vertex 131.478 31.8877 4
      vertex 155.085 29.353 4
    endloop
  endfacet
  facet normal -0 0 1
    outer loop
      vertex 131.33 31.6111 4
      vertex 155.085 29.353 4
      vertex 131.478 31.8877 4
    endloop
  endfacet
  facet normal 0 0 1
    outer loop
      vertex 155.085 29.353 4
      vertex 131.33 31.6111 4
      vertex 155.335 28.75 4
    endloop
  endfacet
  facet normal -0 0 1
    outer loop
      vertex 131.131 31.3686 4
      vertex 155.335 28.75 4
      vertex 131.33 31.6111 4
    endloop
  endfacet
  facet normal 0 0 1
    outer loop
      vertex 155.335 28.75 4
      vertex 131.131 31.3686 4
      vertex 155.732 28.2322 4
    endloop
  endfacet
  facet normal -0 0 1
    outer loop
      vertex 130.889 31.1696 4
      vertex 155.732 28.2322 4
      vertex 131.131 31.3686 4
    endloop
  endfacet
  facet normal -0 0 1
    outer loop
      vertex 130.612 31.0218 4
      vertex 155.732 28.2322 4
      vertex 130.889 31.1696 4
    endloop
  endfacet
  facet normal 0 0 1
    outer loop
      vertex 156.25 27.8349 4
      vertex 130.612 31.0218 4
      vertex 130.312 30.9307 4
    endloop
  endfacet
  facet normal -0 0 1
    outer loop
      vertex 130 30.9 4
      vertex 178.129 8.74997 4
      vertex 130.312 30.9307 4
    endloop
  endfacet
  facet normal 0 0 1
    outer loop
      vertex 178.129 8.74997 4
      vertex 130 30.9 4
      vertex 184 0 4
    endloop
  endfacet
  facet normal 0 0 1
    outer loop
      vertex 129.688 30.9307 4
      vertex 184 0 4
      vertex 130 30.9 4
    endloop
  endfacet
  facet normal 0 0 1
    outer loop
      vertex 37 16.2679 4
      vertex 129.688 30.9307 4
      vertex 129.388 31.0218 4
    endloop
  endfacet
  facet normal 0 0 1
    outer loop
      vertex 60.6123 31.0218 4
      vertex 129.388 31.0218 4
      vertex 129.111 31.1696 4
    endloop
  endfacet
  facet normal 0 0 1
    outer loop
      vertex 128.431 32.8121 4
      vertex 61.6 32.5 4
      vertex 128.4 32.5 4
    endloop
  endfacet
  facet normal 0 0 1
    outer loop
      vertex 128.4 32.5 4
      vertex 61.6 32.5 4
      vertex 128.431 32.1879 4
    endloop
  endfacet
  facet normal 0 0 1
    outer loop
      vertex 61.5693 32.1879 4
      vertex 128.431 32.1879 4
      vertex 61.6 32.5 4
    endloop
  endfacet
  facet normal 0 0 1
    outer loop
      vertex 128.431 32.1879 4
      vertex 61.5693 32.1879 4
      vertex 128.522 31.8877 4
    endloop
  endfacet
  facet normal 0 0 1
    outer loop
      vertex 61.4782 31.8877 4
      vertex 128.522 31.8877 4
      vertex 61.5693 32.1879 4
    endloop
  endfacet
  facet normal 0 0 1
    outer loop
      vertex 128.522 31.8877 4
      vertex 61.4782 31.8877 4
      vertex 128.67 31.6111 4
    endloop
  endfacet
  facet normal 0 0 1
    outer loop
      vertex 61.3304 31.6111 4
      vertex 128.67 31.6111 4
      vertex 61.4782 31.8877 4
    endloop
  endfacet
  facet normal 0 0 1
    outer loop
      vertex 128.67 31.6111 4
      vertex 61.3304 31.6111 4
      vertex 128.869 31.3686 4
    endloop
  endfacet
  facet normal 0 0 1
    outer loop
      vertex 61.1314 31.3686 4
      vertex 128.869 31.3686 4
      vertex 61.3304 31.6111 4
    endloop
  endfacet
  facet normal 0 0 1
    outer loop
      vertex 128.869 31.3686 4
      vertex 61.1314 31.3686 4
      vertex 129.111 31.1696 4
    endloop
  endfacet
  facet normal 0 0 1
    outer loop
      vertex 60.8889 31.1696 4
      vertex 129.111 31.1696 4
      vertex 61.1314 31.3686 4
    endloop
  endfacet
  facet normal 0 0 1
    outer loop
      vertex 60.6123 31.0218 4
      vertex 129.111 31.1696 4
      vertex 60.8889 31.1696 4
    endloop
  endfacet
  facet normal 0 0 1
    outer loop
      vertex 129.388 31.0218 4
      vertex 60.6123 31.0218 4
      vertex 37.4142 16.5858 4
    endloop
  endfacet
  facet normal 0 0 1
    outer loop
      vertex 37.4142 16.5858 4
      vertex 60.6123 31.0218 4
      vertex 60.3121 30.9307 4
    endloop
  endfacet
  facet normal 0 0 1
    outer loop
      vertex 37.732 17 4
      vertex 60.3121 30.9307 4
      vertex 60 30.9 4
    endloop
  endfacet
  facet normal 0 0 1
    outer loop
      vertex 37.9319 17.4824 4
      vertex 60 30.9 4
      vertex 59.6879 30.9307 4
    endloop
  endfacet
  facet normal 0 0 1
    outer loop
      vertex 38 18 4
      vertex 58.4307 32.1879 4
      vertex 58.4 32.5 4
    endloop
  endfacet
  facet normal 0 0 1
    outer loop
      vertex 38 18 4
      vertex 58.5218 31.8877 4
      vertex 58.4307 32.1879 4
    endloop
  endfacet
  facet normal 0 0 1
    outer loop
      vertex 38 18 4
      vertex 58.6696 31.6111 4
      vertex 58.5218 31.8877 4
    endloop
  endfacet
  facet normal 0 0 1
    outer loop
      vertex 38 18 4
      vertex 58.8686 31.3686 4
      vertex 58.6696 31.6111 4
    endloop
  endfacet
  facet normal 0 0 1
    outer loop
      vertex 38 18 4
      vertex 59.1111 31.1696 4
      vertex 58.8686 31.3686 4
    endloop
  endfacet
  facet normal 0 0 1
    outer loop
      vertex 38 18 4
      vertex 59.3877 31.0218 4
      vertex 59.1111 31.1696 4
    endloop
  endfacet
  facet normal 0 0 1
    outer loop
      vertex 37.9319 17.4824 4
      vertex 59.3877 31.0218 4
      vertex 38 18 4
    endloop
  endfacet
  facet normal 0 0 1
    outer loop
      vertex 59.3877 31.0218 4
      vertex 37.9319 17.4824 4
      vertex 59.6879 30.9307 4
    endloop
  endfacet
  facet normal 0 0 1
    outer loop
      vertex 60 30.9 4
      vertex 37.9319 17.4824 4
      vertex 37.732 17 4
    endloop
  endfacet
  facet normal 0 0 1
    outer loop
      vertex 60.3121 30.9307 4
      vertex 37.732 17 4
      vertex 37.4142 16.5858 4
    endloop
  endfacet
  facet normal 0 0 1
    outer loop
      vertex 129.388 31.0218 4
      vertex 37.4142 16.5858 4
      vertex 37 16.2679 4
    endloop
  endfacet
  facet normal 0 0 1
    outer loop
      vertex 129.688 30.9307 4
      vertex 37 16.2679 4
      vertex 184 0 4
    endloop
  endfacet
  facet normal -0 0 1
    outer loop
      vertex 36.5176 16.0681 4
      vertex 184 0 4
      vertex 37 16.2679 4
    endloop
  endfacet
  facet normal 0 0 1
    outer loop
      vertex 6 0 4
      vertex 36.5176 16.0681 4
      vertex 36 16 4
    endloop
  endfacet
  facet normal 0 0 1
    outer loop
      vertex 12.2068 9.56105 4
      vertex 36 16 4
      vertex 12.25 10 4
    endloop
  endfacet
  facet normal 0 0 1
    outer loop
      vertex 12.0787 9.13896 4
      vertex 36 16 4
      vertex 12.2068 9.56105 4
    endloop
  endfacet
  facet normal 0 0 1
    outer loop
      vertex 11.8708 8.74997 4
      vertex 36 16 4
      vertex 12.0787 9.13896 4
    endloop
  endfacet
  facet normal 0 0 1
    outer loop
      vertex 11.591 8.40901 4
      vertex 36 16 4
      vertex 11.8708 8.74997 4
    endloop
  endfacet
  facet normal 0 0 1
    outer loop
      vertex 36 16 4
      vertex 11.591 8.40901 4
      vertex 6 0 4
    endloop
  endfacet
  facet normal 0 0 1
    outer loop
      vertex 6 0 4
      vertex 11.591 8.40901 4
      vertex 11.25 8.12919 4
    endloop
  endfacet
  facet normal 0 0 1
    outer loop
      vertex 6 0 4
      vertex 11.25 8.12919 4
      vertex 10.861 7.92127 4
    endloop
  endfacet
  facet normal 0 0 1
    outer loop
      vertex 6 0 4
      vertex 10.861 7.92127 4
      vertex 10.439 7.79323 4
    endloop
  endfacet
  facet normal 0 0 1
    outer loop
      vertex 6 0 4
      vertex 10.439 7.79323 4
      vertex 10 7.75 4
    endloop
  endfacet
  facet normal 0 0 1
    outer loop
      vertex 7.92127 10.861 4
      vertex 6.58579 16.5858 4
      vertex 7.79323 10.439 4
    endloop
  endfacet
  facet normal 0 0 1
    outer loop
      vertex 6.26795 17 4
      vertex 7.79323 10.439 4
      vertex 6.58579 16.5858 4
    endloop
  endfacet
  facet normal 0 0 1
    outer loop
      vertex 7.79323 10.439 4
      vertex 6.26795 17 4
      vertex 7.75 10 4
    endloop
  endfacet
  facet normal 0 0 1
    outer loop
      vertex 6.06815 17.4824 4
      vertex 7.75 10 4
      vertex 6.26795 17 4
    endloop
  endfacet
  facet normal 0 0 1
    outer loop
      vertex 6 0 4
      vertex 7.75 10 4
      vertex 6.06815 17.4824 4
    endloop
  endfacet
  facet normal 0 0 1
    outer loop
      vertex 36.5176 16.0681 4
      vertex 6 0 4
      vertex 184 0 4
    endloop
  endfacet
  facet normal 0 0 1
    outer loop
      vertex 9.56105 7.79323 4
      vertex 6 0 4
      vertex 10 7.75 4
    endloop
  endfacet
  facet normal 0 0 1
    outer loop
      vertex 9.13896 7.92127 4
      vertex 6 0 4
      vertex 9.56105 7.79323 4
    endloop
  endfacet
  facet normal 0 0 1
    outer loop
      vertex 8.74997 8.12919 4
      vertex 6 0 4
      vertex 9.13896 7.92127 4
    endloop
  endfacet
  facet normal 0 0 1
    outer loop
      vertex 8.40901 8.40901 4
      vertex 6 0 4
      vertex 8.74997 8.12919 4
    endloop
  endfacet
  facet normal 0 0 1
    outer loop
      vertex 8.12919 8.74997 4
      vertex 6 0 4
      vertex 8.40901 8.40901 4
    endloop
  endfacet
  facet normal 0 0 1
    outer loop
      vertex 7.92127 9.13896 4
      vertex 6 0 4
      vertex 8.12919 8.74997 4
    endloop
  endfacet
  facet normal 0 0 1
    outer loop
      vertex 7.79323 9.56105 4
      vertex 6 0 4
      vertex 7.92127 9.13896 4
    endloop
  endfacet
  facet normal 0 0 1
    outer loop
      vertex 7.75 10 4
      vertex 6 0 4
      vertex 7.79323 9.56105 4
    endloop
  endfacet
  facet normal 0 0 1
    outer loop
      vertex 6 0 4
      vertex 6.06815 17.4824 4
      vertex 6 18 4
    endloop
  endfacet
  facet normal 0 0 1
    outer loop
      vertex 58.6696 88.3889 4
      vertex 12.0787 109.139 4
      vertex 58.5218 88.1123 4
    endloop
  endfacet
  facet normal -0 0 1
    outer loop
      vertex 11.8708 108.75 4
      vertex 58.5218 88.1123 4
      vertex 12.0787 109.139 4
    endloop
  endfacet
  facet normal 0 0 1
    outer loop
      vertex 58.4307 87.8121 4
      vertex 11.8708 108.75 4
      vertex 11.591 108.409 4
    endloop
  endfacet
  facet normal 0 0 1
    outer loop
      vertex 58.4 87.5 4
      vertex 11.591 108.409 4
      vertex 11.25 108.129 4
    endloop
  endfacet
  facet normal 0 0 1
    outer loop
      vertex 58.4307 87.1879 4
      vertex 11.25 108.129 4
      vertex 10.861 107.921 4
    endloop
  endfacet
  facet normal 0 0 1
    outer loop
      vertex 58.5218 86.8877 4
      vertex 10.861 107.921 4
      vertex 10.439 107.793 4
    endloop
  endfacet
  facet normal 0 0 1
    outer loop
      vertex 58.6696 86.6111 4
      vertex 10.439 107.793 4
      vertex 8 20 4
    endloop
  endfacet
  facet normal 0 0 1
    outer loop
      vertex 8 20 4
      vertex 10.439 107.793 4
      vertex 10 107.75 4
    endloop
  endfacet
  facet normal 0 0 1
    outer loop
      vertex 8 20 4
      vertex 10 107.75 4
      vertex 9.56105 107.793 4
    endloop
  endfacet
  facet normal 0 0 1
    outer loop
      vertex 7.48236 19.9319 4
      vertex 9.56105 107.793 4
      vertex 9.13896 107.921 4
    endloop
  endfacet
  facet normal 0 0 1
    outer loop
      vertex 7 19.732 4
      vertex 9.13896 107.921 4
      vertex 8.74997 108.129 4
    endloop
  endfacet
  facet normal 0 0 1
    outer loop
      vertex 7 19.732 4
      vertex 8.74997 108.129 4
      vertex 8.40901 108.409 4
    endloop
  endfacet
  facet normal 0 0 1
    outer loop
      vertex 7 19.732 4
      vertex 8.40901 108.409 4
      vertex 8.12919 108.75 4
    endloop
  endfacet
  facet normal 0 0 1
    outer loop
      vertex 58.6696 86.6111 4
      vertex 8 20 4
      vertex 36 20 4
    endloop
  endfacet
  facet normal 0 0 1
    outer loop
      vertex 7 19.732 4
      vertex 8.12919 108.75 4
      vertex 7.92127 109.139 4
    endloop
  endfacet
  facet normal 0 0 1
    outer loop
      vertex 7 19.732 4
      vertex 7.92127 109.139 4
      vertex 7.79323 109.561 4
    endloop
  endfacet
  facet normal 0 0 1
    outer loop
      vertex 0 114 4
      vertex 7.79323 109.561 4
      vertex 7.75 110 4
    endloop
  endfacet
  facet normal 0 0 1
    outer loop
      vertex 9.56105 107.793 4
      vertex 7.48236 19.9319 4
      vertex 8 20 4
    endloop
  endfacet
  facet normal 1 -0 0
    outer loop
      vertex 190 6 4
      vertex 190 114 0
      vertex 190 114 4
    endloop
  endfacet
  facet normal 1 0 0
    outer loop
      vertex 190 114 0
      vertex 190 6 4
      vertex 190 6 0
    endloop
  endfacet
  facet normal 0 -1 0
    outer loop
      vertex 6 0 0
      vertex 184 0 4
      vertex 6 0 4
    endloop
  endfacet
  facet normal 0 -1 -0
    outer loop
      vertex 184 0 4
      vertex 6 0 0
      vertex 184 0 0
    endloop
  endfacet
  facet normal 0.471206 0.882023 -0
    outer loop
      vertex 187.333 118.989 0
      vertex 186.296 119.543 4
      vertex 187.333 118.989 4
    endloop
  endfacet
  facet normal 0.471206 0.882023 0
    outer loop
      vertex 186.296 119.543 4
      vertex 187.333 118.989 0
      vertex 186.296 119.543 0
    endloop
  endfacet
  facet normal -0.995188 0.0979789 0
    outer loop
      vertex 0 114 0
      vertex 0.115288 115.171 4
      vertex 0.115288 115.171 0
    endloop
  endfacet
  facet normal -0.995188 0.0979789 0
    outer loop
      vertex 0.115288 115.171 4
      vertex 0 114 0
      vertex 0 114 4
    endloop
  endfacet
  facet normal -0.773276 0.634069 0
    outer loop
      vertex 1.01118 117.333 0
      vertex 1.75736 118.243 4
      vertex 1.75736 118.243 0
    endloop
  endfacet
  facet normal -0.773276 0.634069 0
    outer loop
      vertex 1.75736 118.243 4
      vertex 1.01118 117.333 0
      vertex 1.01118 117.333 4
    endloop
  endfacet
  facet normal 0.995209 -0.0977745 0
    outer loop
      vertex 189.885 4.82946 4
      vertex 190 6 0
      vertex 190 6 4
    endloop
  endfacet
  facet normal 0.995209 -0.0977745 0
    outer loop
      vertex 190 6 0
      vertex 189.885 4.82946 4
      vertex 189.885 4.82946 0
    endloop
  endfacet
  facet normal -0.773009 -0.634395 0
    outer loop
      vertex 1.75736 1.75736 0
      vertex 1.01118 2.66658 4
      vertex 1.01118 2.66658 0
    endloop
  endfacet
  facet normal -0.773009 -0.634395 0
    outer loop
      vertex 1.01118 2.66658 4
      vertex 1.75736 1.75736 0
      vertex 1.75736 1.75736 4
    endloop
  endfacet
  facet normal 0.0979789 -0.995188 0
    outer loop
      vertex 184 0 0
      vertex 185.171 0.115288 4
      vertex 184 0 4
    endloop
  endfacet
  facet normal 0.0979789 -0.995188 0
    outer loop
      vertex 185.171 0.115288 4
      vertex 184 0 0
      vertex 185.171 0.115288 0
    endloop
  endfacet
  facet normal 0.773351 0.633978 0
    outer loop
      vertex 188.989 117.333 4
      vertex 188.243 118.243 0
      vertex 188.243 118.243 4
    endloop
  endfacet
  facet normal 0.773351 0.633978 0
    outer loop
      vertex 188.243 118.243 0
      vertex 188.989 117.333 4
      vertex 188.989 117.333 0
    endloop
  endfacet
  facet normal -0.471093 0.882084 0
    outer loop
      vertex 3.7039 119.543 0
      vertex 2.66658 118.989 4
      vertex 3.7039 119.543 4
    endloop
  endfacet
  facet normal -0.471093 0.882084 0
    outer loop
      vertex 2.66658 118.989 4
      vertex 3.7039 119.543 0
      vertex 2.66658 118.989 0
    endloop
  endfacet
  facet normal -0.0977745 0.995209 0
    outer loop
      vertex 6 120 0
      vertex 4.82946 119.885 4
      vertex 6 120 4
    endloop
  endfacet
  facet normal -0.0977745 0.995209 0
    outer loop
      vertex 4.82946 119.885 4
      vertex 6 120 0
      vertex 4.82946 119.885 0
    endloop
  endfacet
  facet normal -0.881861 0.471509 0
    outer loop
      vertex 0.456722 116.296 0
      vertex 1.01118 117.333 4
      vertex 1.01118 117.333 0
    endloop
  endfacet
  facet normal -0.881861 0.471509 0
    outer loop
      vertex 1.01118 117.333 4
      vertex 0.456722 116.296 0
      vertex 0.456722 116.296 4
    endloop
  endfacet
  facet normal -0.9569 0.290416 0
    outer loop
      vertex 0.115288 115.171 0
      vertex 0.456722 116.296 4
      vertex 0.456722 116.296 0
    endloop
  endfacet
  facet normal -0.9569 0.290416 0
    outer loop
      vertex 0.456722 116.296 4
      vertex 0.115288 115.171 0
      vertex 0.115288 115.171 4
    endloop
  endfacet
  facet normal -0.634303 0.773084 0
    outer loop
      vertex 2.66658 118.989 0
      vertex 1.75736 118.243 4
      vertex 2.66658 118.989 4
    endloop
  endfacet
  facet normal -0.634303 0.773084 0
    outer loop
      vertex 1.75736 118.243 4
      vertex 2.66658 118.989 0
      vertex 1.75736 118.243 0
    endloop
  endfacet
  facet normal 0.773084 -0.634303 0
    outer loop
      vertex 188.243 1.75736 4
      vertex 188.989 2.66658 0
      vertex 188.989 2.66658 4
    endloop
  endfacet
  facet normal 0.773084 -0.634303 0
    outer loop
      vertex 188.989 2.66658 0
      vertex 188.243 1.75736 4
      vertex 188.243 1.75736 0
    endloop
  endfacet
  facet normal 0.882084 -0.471093 0
    outer loop
      vertex 188.989 2.66658 4
      vertex 189.543 3.7039 0
      vertex 189.543 3.7039 4
    endloop
  endfacet
  facet normal 0.882084 -0.471093 0
    outer loop
      vertex 189.543 3.7039 0
      vertex 188.989 2.66658 4
      vertex 188.989 2.66658 0
    endloop
  endfacet
  facet normal -0.471396 -0.881922 0
    outer loop
      vertex 2.66658 1.01118 0
      vertex 3.7039 0.456722 4
      vertex 2.66658 1.01118 4
    endloop
  endfacet
  facet normal -0.471396 -0.881922 -0
    outer loop
      vertex 3.7039 0.456722 4
      vertex 2.66658 1.01118 0
      vertex 3.7039 0.456722 0
    endloop
  endfacet
  facet normal -0.634395 -0.773009 0
    outer loop
      vertex 1.75736 1.75736 0
      vertex 2.66658 1.01118 4
      vertex 1.75736 1.75736 4
    endloop
  endfacet
  facet normal -0.634395 -0.773009 -0
    outer loop
      vertex 2.66658 1.01118 4
      vertex 1.75736 1.75736 0
      vertex 2.66658 1.01118 0
    endloop
  endfacet
  facet normal -0.881922 -0.471396 0
    outer loop
      vertex 1.01118 2.66658 0
      vertex 0.456722 3.7039 4
      vertex 0.456722 3.7039 0
    endloop
  endfacet
  facet normal -0.881922 -0.471396 0
    outer loop
      vertex 0.456722 3.7039 4
      vertex 1.01118 2.66658 0
      vertex 1.01118 2.66658 4
    endloop
  endfacet
  facet normal 0.290416 -0.9569 0
    outer loop
      vertex 185.171 0.115288 0
      vertex 186.296 0.456722 4
      vertex 185.171 0.115288 4
    endloop
  endfacet
  facet normal 0.290416 -0.9569 0
    outer loop
      vertex 186.296 0.456722 4
      vertex 185.171 0.115288 0
      vertex 186.296 0.456722 0
    endloop
  endfacet
  facet normal 0.471509 -0.881861 0
    outer loop
      vertex 186.296 0.456722 0
      vertex 187.333 1.01118 4
      vertex 186.296 0.456722 4
    endloop
  endfacet
  facet normal 0.471509 -0.881861 0
    outer loop
      vertex 187.333 1.01118 4
      vertex 186.296 0.456722 0
      vertex 187.333 1.01118 0
    endloop
  endfacet
  facet normal 0.633978 0.773351 -0
    outer loop
      vertex 188.243 118.243 0
      vertex 187.333 118.989 4
      vertex 188.243 118.243 4
    endloop
  endfacet
  facet normal 0.633978 0.773351 0
    outer loop
      vertex 187.333 118.989 4
      vertex 188.243 118.243 0
      vertex 187.333 118.989 0
    endloop
  endfacet
  facet normal 0.0977365 0.995212 -0
    outer loop
      vertex 185.171 119.885 0
      vertex 184 120 4
      vertex 185.171 119.885 4
    endloop
  endfacet
  facet normal 0.0977365 0.995212 0
    outer loop
      vertex 184 120 4
      vertex 185.171 119.885 0
      vertex 184 120 0
    endloop
  endfacet
  facet normal 0.290857 0.956767 -0
    outer loop
      vertex 186.296 119.543 0
      vertex 185.171 119.885 4
      vertex 186.296 119.543 4
    endloop
  endfacet
  facet normal 0.290857 0.956767 0
    outer loop
      vertex 185.171 119.885 4
      vertex 186.296 119.543 0
      vertex 185.171 119.885 0
    endloop
  endfacet
  facet normal 0.882023 0.471206 0
    outer loop
      vertex 189.543 116.296 4
      vertex 188.989 117.333 0
      vertex 188.989 117.333 4
    endloop
  endfacet
  facet normal 0.882023 0.471206 0
    outer loop
      vertex 188.989 117.333 0
      vertex 189.543 116.296 4
      vertex 189.543 116.296 0
    endloop
  endfacet
  facet normal -0.290725 0.956807 0
    outer loop
      vertex 4.82946 119.885 0
      vertex 3.7039 119.543 4
      vertex 4.82946 119.885 4
    endloop
  endfacet
  facet normal -0.290725 0.956807 0
    outer loop
      vertex 3.7039 119.543 4
      vertex 4.82946 119.885 0
      vertex 3.7039 119.543 0
    endloop
  endfacet
  facet normal 0.956807 -0.290725 0
    outer loop
      vertex 189.543 3.7039 4
      vertex 189.885 4.82946 0
      vertex 189.885 4.82946 4
    endloop
  endfacet
  facet normal 0.956807 -0.290725 0
    outer loop
      vertex 189.885 4.82946 0
      vertex 189.543 3.7039 4
      vertex 189.543 3.7039 0
    endloop
  endfacet
  facet normal -0.290284 -0.956941 0
    outer loop
      vertex 3.7039 0.456722 0
      vertex 4.82946 0.115288 4
      vertex 3.7039 0.456722 4
    endloop
  endfacet
  facet normal -0.290284 -0.956941 -0
    outer loop
      vertex 4.82946 0.115288 4
      vertex 3.7039 0.456722 0
      vertex 4.82946 0.115288 0
    endloop
  endfacet
  facet normal 0.956767 0.290857 0
    outer loop
      vertex 189.885 115.171 4
      vertex 189.543 116.296 0
      vertex 189.543 116.296 4
    endloop
  endfacet
  facet normal 0.956767 0.290857 0
    outer loop
      vertex 189.543 116.296 0
      vertex 189.885 115.171 4
      vertex 189.885 115.171 0
    endloop
  endfacet
  facet normal 0.923891 0.382656 0
    outer loop
      vertex 6.26795 17 4
      vertex 6.06815 17.4824 0
      vertex 6.06815 17.4824 4
    endloop
  endfacet
  facet normal 0.923891 0.382656 0
    outer loop
      vertex 6.06815 17.4824 0
      vertex 6.26795 17 4
      vertex 6.26795 17 0
    endloop
  endfacet
  facet normal 0.991443 -0.130539 0
    outer loop
      vertex 6 18 4
      vertex 6.06815 18.5176 0
      vertex 6.06815 18.5176 4
    endloop
  endfacet
  facet normal 0.991443 -0.130539 0
    outer loop
      vertex 6.06815 18.5176 0
      vertex 6 18 4
      vertex 6 18 0
    endloop
  endfacet
  facet normal -0.991456 -0.130445 0
    outer loop
      vertex 38 18 0
      vertex 37.9319 18.5176 4
      vertex 37.9319 18.5176 0
    endloop
  endfacet
  facet normal -0.991456 -0.130445 0
    outer loop
      vertex 37.9319 18.5176 4
      vertex 38 18 0
      vertex 38 18 4
    endloop
  endfacet
  facet normal 0.991443 0.130539 0
    outer loop
      vertex 6.06815 17.4824 4
      vertex 6 18 0
      vertex 6 18 4
    endloop
  endfacet
  facet normal 0.991443 0.130539 0
    outer loop
      vertex 6 18 0
      vertex 6.06815 17.4824 4
      vertex 6.06815 17.4824 0
    endloop
  endfacet
  facet normal 0 -1 0
    outer loop
      vertex 8 20 0
      vertex 36 20 4
      vertex 8 20 4
    endloop
  endfacet
  facet normal 0 -1 -0
    outer loop
      vertex 36 20 4
      vertex 8 20 0
      vertex 36 20 0
    endloop
  endfacet
  facet normal 0.60872 -0.793385 0
    outer loop
      vertex 6.58579 19.4142 0
      vertex 7 19.732 4
      vertex 6.58579 19.4142 4
    endloop
  endfacet
  facet normal 0.60872 -0.793385 0
    outer loop
      vertex 7 19.732 4
      vertex 6.58579 19.4142 0
      vertex 7 19.732 0
    endloop
  endfacet
  facet normal -0.130445 -0.991456 0
    outer loop
      vertex 36 20 0
      vertex 36.5176 19.9319 4
      vertex 36 20 4
    endloop
  endfacet
  facet normal -0.130445 -0.991456 -0
    outer loop
      vertex 36.5176 19.9319 4
      vertex 36 20 0
      vertex 36.5176 19.9319 0
    endloop
  endfacet
  facet normal 0.130435 -0.991457 0
    outer loop
      vertex 7.48236 19.9319 0
      vertex 8 20 4
      vertex 7.48236 19.9319 4
    endloop
  endfacet
  facet normal 0.130435 -0.991457 0
    outer loop
      vertex 8 20 4
      vertex 7.48236 19.9319 0
      vertex 8 20 0
    endloop
  endfacet
  facet normal -0.130445 0.991456 0
    outer loop
      vertex 36.5176 16.0681 0
      vertex 36 16 4
      vertex 36.5176 16.0681 4
    endloop
  endfacet
  facet normal -0.130445 0.991456 0
    outer loop
      vertex 36 16 4
      vertex 36.5176 16.0681 0
      vertex 36 16 0
    endloop
  endfacet
  facet normal 0 1 -0
    outer loop
      vertex 36 16 0
      vertex 8 16 4
      vertex 36 16 4
    endloop
  endfacet
  facet normal 0 1 0
    outer loop
      vertex 8 16 4
      vertex 36 16 0
      vertex 8 16 0
    endloop
  endfacet
  facet normal -0.793378 -0.608729 0
    outer loop
      vertex 37.732 19 0
      vertex 37.4142 19.4142 4
      vertex 37.4142 19.4142 0
    endloop
  endfacet
  facet normal -0.793378 -0.608729 0
    outer loop
      vertex 37.4142 19.4142 4
      vertex 37.732 19 0
      vertex 37.732 19 4
    endloop
  endfacet
  facet normal -0.923823 -0.38282 0
    outer loop
      vertex 37.9319 18.5176 0
      vertex 37.732 19 4
      vertex 37.732 19 0
    endloop
  endfacet
  facet normal -0.923823 -0.38282 0
    outer loop
      vertex 37.732 19 4
      vertex 37.9319 18.5176 0
      vertex 37.9319 18.5176 4
    endloop
  endfacet
  facet normal 0.382847 -0.923812 0
    outer loop
      vertex 7 19.732 0
      vertex 7.48236 19.9319 4
      vertex 7 19.732 4
    endloop
  endfacet
  facet normal 0.382847 -0.923812 0
    outer loop
      vertex 7.48236 19.9319 4
      vertex 7 19.732 0
      vertex 7.48236 19.9319 0
    endloop
  endfacet
  facet normal 0.793341 -0.608777 0
    outer loop
      vertex 6.26795 19 4
      vertex 6.58579 19.4142 0
      vertex 6.58579 19.4142 4
    endloop
  endfacet
  facet normal 0.793341 -0.608777 0
    outer loop
      vertex 6.58579 19.4142 0
      vertex 6.26795 19 4
      vertex 6.26795 19 0
    endloop
  endfacet
  facet normal 0.923891 -0.382656 0
    outer loop
      vertex 6.06815 18.5176 4
      vertex 6.26795 19 0
      vertex 6.26795 19 4
    endloop
  endfacet
  facet normal 0.923891 -0.382656 0
    outer loop
      vertex 6.26795 19 0
      vertex 6.06815 18.5176 4
      vertex 6.06815 18.5176 0
    endloop
  endfacet
  facet normal -0.382656 0.923891 0
    outer loop
      vertex 37 16.2679 0
      vertex 36.5176 16.0681 4
      vertex 37 16.2679 4
    endloop
  endfacet
  facet normal -0.382656 0.923891 0
    outer loop
      vertex 36.5176 16.0681 4
      vertex 37 16.2679 0
      vertex 36.5176 16.0681 0
    endloop
  endfacet
  facet normal -0.793378 0.608729 0
    outer loop
      vertex 37.4142 16.5858 0
      vertex 37.732 17 4
      vertex 37.732 17 0
    endloop
  endfacet
  facet normal -0.793378 0.608729 0
    outer loop
      vertex 37.732 17 4
      vertex 37.4142 16.5858 0
      vertex 37.4142 16.5858 4
    endloop
  endfacet
  facet normal -0.991456 0.130445 0
    outer loop
      vertex 37.9319 17.4824 0
      vertex 38 18 4
      vertex 38 18 0
    endloop
  endfacet
  facet normal -0.991456 0.130445 0
    outer loop
      vertex 38 18 4
      vertex 37.9319 17.4824 0
      vertex 37.9319 17.4824 4
    endloop
  endfacet
  facet normal 0.382683 0.92388 -0
    outer loop
      vertex 7.48236 16.0681 0
      vertex 7 16.2679 4
      vertex 7.48236 16.0681 4
    endloop
  endfacet
  facet normal 0.382683 0.92388 0
    outer loop
      vertex 7 16.2679 4
      vertex 7.48236 16.0681 0
      vertex 7 16.2679 0
    endloop
  endfacet
  facet normal 0.793341 0.608777 0
    outer loop
      vertex 6.58579 16.5858 4
      vertex 6.26795 17 0
      vertex 6.26795 17 4
    endloop
  endfacet
  facet normal 0.793341 0.608777 0
    outer loop
      vertex 6.26795 17 0
      vertex 6.58579 16.5858 4
      vertex 6.58579 16.5858 0
    endloop
  endfacet
  facet normal -0.38282 -0.923823 0
    outer loop
      vertex 36.5176 19.9319 0
      vertex 37 19.732 4
      vertex 36.5176 19.9319 4
    endloop
  endfacet
  facet normal -0.38282 -0.923823 -0
    outer loop
      vertex 37 19.732 4
      vertex 36.5176 19.9319 0
      vertex 37 19.732 0
    endloop
  endfacet
  facet normal -0.608729 -0.793378 0
    outer loop
      vertex 37 19.732 0
      vertex 37.4142 19.4142 4
      vertex 37 19.732 4
    endloop
  endfacet
  facet normal -0.608729 -0.793378 -0
    outer loop
      vertex 37.4142 19.4142 4
      vertex 37 19.732 0
      vertex 37.4142 19.4142 0
    endloop
  endfacet
  facet normal -0.60885 0.793286 0
    outer loop
      vertex 37.4142 16.5858 0
      vertex 37 16.2679 4
      vertex 37.4142 16.5858 4
    endloop
  endfacet
  facet normal -0.60885 0.793286 0
    outer loop
      vertex 37 16.2679 4
      vertex 37.4142 16.5858 0
      vertex 37 16.2679 0
    endloop
  endfacet
  facet normal -0.923823 0.38282 0
    outer loop
      vertex 37.732 17 0
      vertex 37.9319 17.4824 4
      vertex 37.9319 17.4824 0
    endloop
  endfacet
  facet normal -0.923823 0.38282 0
    outer loop
      vertex 37.9319 17.4824 4
      vertex 37.732 17 0
      vertex 37.732 17 4
    endloop
  endfacet
  facet normal 0.130435 0.991457 -0
    outer loop
      vertex 8 16 0
      vertex 7.48236 16.0681 4
      vertex 8 16 4
    endloop
  endfacet
  facet normal 0.130435 0.991457 0
    outer loop
      vertex 7.48236 16.0681 4
      vertex 8 16 0
      vertex 7.48236 16.0681 0
    endloop
  endfacet
  facet normal 0.60884 0.793293 -0
    outer loop
      vertex 7 16.2679 0
      vertex 6.58579 16.5858 4
      vertex 7 16.2679 4
    endloop
  endfacet
  facet normal 0.60884 0.793293 0
    outer loop
      vertex 6.58579 16.5858 4
      vertex 7 16.2679 0
      vertex 6.58579 16.5858 0
    endloop
  endfacet
endsolid OpenSCAD_Model
